"daddr","time","Tracker Name","Tracker Category"
"a.applovin.com","1606912925098","Applovin","Advertising"
"ads.api.vungle.com","1606912747578","Blackstone","Uncategorised"
"ads.mopub.com","1606912964450","MoPub","Advertising"
"app.adjust.com","1606912866916","Adjust","FingerprintingGeneral"
"auction.unityads.unity3d.com","1606912957173","Unity Technologies","Uncategorised"
"auiopt.unityads.unity3d.com","1606912816064","Unity Technologies","Uncategorised"
"b-api.facebook.com","1606912772984","Facebook","Social"
"bid.g.doubleclick.net","1606912887507","Google","FingerprintingGeneral"
"cdn-creatives-highwinds-prd.unityads.unity3d.com","1606912816060","Unity Technologies","Uncategorised"
"cdp.cloud.unity3d.com","1606912658881","Unity Technologies","Uncategorised"
"collector.lunalabs.io","1606912669975","",""
"essencedigitalemea2015301593033067.s.moatpixel.com","1606912817428","",""
"geo.moatads.com","1606912959964","Moat","Advertising"
"googleads.g.doubleclick.net","1606912962871","Google","FingerprintingGeneral"
"httpkafka.unityads.unity3d.com","1606912814866","Unity Technologies","Uncategorised"
"in.appcenter.ms","1606912732464","Microsoft","Uncategorised"
"newapi.rollic.gs","1606912963819","",""
"publisher-event.unityads.unity3d.com","1606912807307","Unity Technologies","Uncategorised"
"px.moatads.com","1606912959929","Moat","Advertising"
"rpc.tapjoy.com","1606912958828","Tapjoy","Uncategorised"
"sdk-diagnostics.prd.mz.internal.unity3d.com","1606912806927","Unity Technologies","Uncategorised"
"track.celtra.com","1606912658991","Celtra","Uncategorised"
"tracking.prd.mz.internal.unity3d.com","1606912964446","Unity Technologies","Uncategorised"
"wv.inner-active.mobi","1606912926381","Fyber","Uncategorised"
"bid.g.doubleclick.net","1606912960091","Google","FingerprintingGeneral"
"csi.gstatic.com","1606912854687","Google","Content"
"firebaseremoteconfig.googleapis.com","1606912854425","Google","Content"
"googleads.g.doubleclick.net","1606912739678","Google","FingerprintingGeneral"
"lh3.googleusercontent.com","1606912924181","Google","Content"
"s0.2mdn.net","1606912960467","Google","FingerprintingGeneral"
"tpc.googlesyndication.com","1606912824249","Google","FingerprintingGeneral"
