"daddr","time","Tracker Name","Tracker Category"
"a.applovin.com","1606991958169","Applovin","Advertising"
"ad.doubleclick.net","1606991767441","Google","FingerprintingGeneral"
"adc-ad-assets.adtilt.com","1606991639109","Opera Mediaworks","Uncategorised"
"adc3-launch.adcolony.com","1606991935090","Jirbo","Advertising"
"ads.api.vungle.com","1606991635560","Blackstone","Uncategorised"
"ads.celtra.com","1606991940566","Celtra","Uncategorised"
"ads.inmobi.com","1606991938663","InMobi","Advertising"
"ads.mopub.com","1606991878817","MoPub","Advertising"
"ads30.adcolony.com","1606991635639","Jirbo","Advertising"
"analytics.rayjump.com","1606991947314","Mobvista","Uncategorised"
"assets.applovin.com","1606991710023","Applovin","Advertising"
"auction.unityads.unity3d.com","1606991906114","Unity Technologies","Uncategorised"
"auiopt.unityads.unity3d.com","1606991930629","Unity Technologies","Uncategorised"
"b-api.facebook.com","1606991949468","Facebook","Social"
"cache-ssl.celtra.com","1606991941948","Celtra","Uncategorised"
"cdn-adn-https.rayjump.com","1606991642787","Mobvista","Uncategorised"
"cdn-creatives-highwinds-prd.unityads.unity3d.com","1606991910713","Unity Technologies","Uncategorised"
"cdn.doubleverify.com","1606991882394","DoubleVerify","FingerprintingGeneral"
"cdn.lfstmedia.com","1606991959517","LifeStreet","Advertising"
"cdn.liftoff.io","1606991634527","Liftoff","Uncategorised"
"choices.trustarc.com","1606991769170","TRACKER_HOSTLIST","Uncategorised"
"choices.truste.com","1606991767054","TRUSTe","Content"
"cm.g.doubleclick.net","1606991881494","Google","FingerprintingGeneral"
"code.jquery.com","1606991639456","",""
"config.inmobi.com","1606991667792","InMobi","Advertising"
"config.unityads.unity3d.com","1606991633281","Unity Technologies","Uncategorised"
"configure.rayjump.com","1606991749152","Mobvista","Uncategorised"
"conversions.appsflyer.com","1606991628150","AppsFlyer","Advertising"
"d9.flashtalking.com","1606991733246","Flashtalking","Advertising"
"dpm.demdex.net","1606991733293","Adobe","FingerprintingGeneral"
"dt.adsafeprotected.com","1606991943284","Integral Ad Science","Advertising"
"et-eus.w.inmobi.com","1606991880297","InMobi","Advertising"
"events3.adcolony.com","1606991639051","Jirbo","Advertising"
"firebaseinstallations.googleapis.com","1606991625459","Google","Content"
"firebaseremoteconfig.googleapis.com","1606991627493","Google","Content"
"fw.adsafeprotected.com","1606991638090","Integral Ad Science","Advertising"
"gcdsdk.appsflyer.com","1606991628334","AppsFlyer","Advertising"
"geo.moatads.com","1606991943268","Moat","Advertising"
"googleads.g.doubleclick.net","1606991959520","Google","FingerprintingGeneral"
"graph.facebook.com","1606991944831","Facebook","Social"
"grtb-de.lfstmedia.com","1606991959526","LifeStreet","Advertising"
"httpkafka.unityads.unity3d.com","1606991804244","Unity Technologies","Uncategorised"
"hwcdn.libsyn.com","1606991940245","",""
"imp.control.kochava.com","1606991641229","Kochava","Uncategorised"
"in.appcenter.ms","1606991941791","Microsoft","Uncategorised"
"inapps.appsflyer.com","1606991900437","AppsFlyer","Advertising"
"init.supersonicads.com","1606991633070","SupersonicAds","Advertising"
"insight.adsrvr.org","1606991880162","The Trade Desk","FingerprintingGeneral"
"kinesis.us-east-1.amazonaws.com","1606991945023","Amazon Web Services","Content"
"live.chartboost.com","1606991931416","Chartboost","Advertising"
"minkatu.com","1606991884118","",""
"mobile.adsafeprotected.com","1606991943218","Integral Ad Science","Advertising"
"net.rayjump.com","1606991946751","Mobvista","Uncategorised"
"networksdk.ssacdn.com","1606991639471","ironSource","Uncategorised"
"outcome-ssp.supersonicads.com","1606991639044","SupersonicAds","Advertising"
"pixel.adsafeprotected.com","1606991940279","Integral Ad Science","Advertising"
"pixel.moatads.com","1606991940978","Moat","Advertising"
"promo-images.ttpsdk.info","1606991627777","TRACKER_HOSTLIST","Uncategorised"
"publisher-config.unityads.unity3d.com","1606991634485","Unity Technologies","Uncategorised"
"publisher-event.unityads.unity3d.com","1606991915686","Unity Technologies","Uncategorised"
"px.moatads.com","1606991940948","Moat","Advertising"
"s.update.adsrvr.org","1606991881695","The Trade Desk","FingerprintingGeneral"
"s0.2mdn.net","1606991640183","Google","FingerprintingGeneral"
"s2s.adjust.com","1606991945379","Adjust","FingerprintingGeneral"
"sdk-diagnostics.prd.mz.internal.unity3d.com","1606991794188","Unity Technologies","Uncategorised"
"tags.bluekai.com","1606991640169","BlueKai","FingerprintingGeneral"
"telemetry.sdk.inmobi.com","1606991903148","InMobi","Advertising"
"tpc.googlesyndication.com","1606991639103","Google","FingerprintingGeneral"
"tps20228.doubleverify.com","1606991899986","DoubleVerify","FingerprintingGeneral"
"tr.blismedia.com","1606991940930","TRACKER_HOSTLIST","Uncategorised"
"track.celtra.com","1606991943687","Celtra","Uncategorised"
"tracking.prd.mz.internal.unity3d.com","1606991948087","Unity Technologies","Uncategorised"
"ttplugins.ttpsdk.info","1606991632509","TRACKER_HOSTLIST","Uncategorised"
"use-tor.adsrvr.org","1606991767272","The Trade Desk","FingerprintingGeneral"
"videoassets41.blob.core.windows.net","1606991767824","",""
"vungle2-cdn-prod.s3.amazonaws.com","1606991634483","Amazon Web Services","Content"
"wd.adcolony.com","1606991638346","Jirbo","Advertising"
"cm.g.doubleclick.net","1606991880897","Google","FingerprintingGeneral"
"s0.2mdn.net","1606991767724","Google","FingerprintingGeneral"
"tpc.googlesyndication.com","1606991880940","Google","FingerprintingGeneral"
"t.update.adsrvr.org","1606991948707","The Trade Desk","FingerprintingGeneral"
