"daddr","time","Tracker Name","Tracker Category"
"a.applovin.com","1607078768742","Applovin","Advertising"
"aax-eu.amazon-adsystem.com","1607078467543","Amazon.com","Advertising"
"acm-cf.amanotes.net","1607078718075","",""
"ad.doubleclick.net","1607078718266","Google","FingerprintingGeneral"
"ade.googlesyndication.com","1607078710643","Google","FingerprintingGeneral"
"ads.api.vungle.com","1607078468045","Blackstone","Uncategorised"
"ads.celtra.com","1607078717352","Celtra","Uncategorised"
"analytics.rayjump.com","1607078546722","Mobvista","Uncategorised"
"api.amplitude.com","1607078504826","Amplitude","Analytics"
"api.facebook.com","1607078763337","Facebook","Social"
"app.adjust.com","1607078732726","Adjust","FingerprintingGeneral"
"assets.applovin.com","1607078488581","Applovin","Advertising"
"assets.dspunion.com","1607078546762","",""
"auction.unityads.unity3d.com","1607078769199","Unity Technologies","Uncategorised"
"auiopt.unityads.unity3d.com","1607078613615","Unity Technologies","Uncategorised"
"b-api.facebook.com","1607078768590","Facebook","Social"
"beacon-us-iad2.rubiconproject.com","1607078531085","RubiconProject","Advertising"
"beacon-us-iad3.rubiconproject.com","1607078746729","RubiconProject","Advertising"
"beacon-us-west.rubiconproject.com","1607078575646","RubiconProject","Advertising"
"bid.g.doubleclick.net","1607078747309","Google","FingerprintingGeneral"
"blank","1607078543236","",""
"bmedia.justservingfiles.net","1607078593107","TRACKER_HOSTLIST","Uncategorised"
"c0.rbxcdn.com","1607078469951","",""
"cdn.doubleverify.com","1607078485026","DoubleVerify","FingerprintingGeneral"
"cdn.flashtalking.com","1607078514961","Flashtalking","Advertising"
"cdn1.inner-active.mobi","1607078546836","Fyber","Uncategorised"
"cdn2.inner-active.mobi","1607078546251","Fyber","Uncategorised"
"cdp.cloud.unity3d.com","1607078466687","Unity Technologies","Uncategorised"
"choices.trustarc.com","1607078516245","TRACKER_HOSTLIST","Uncategorised"
"choices.truste.com","1607078514350","TRUSTe","Content"
"code.jquery.com","1607078472798","",""
"config.inmobi.com","1607078481511","InMobi","Advertising"
"config.uca.cloud.unity3d.com","1607078466391","Unity Technologies","Uncategorised"
"config.unityads.unity3d.com","1607078469956","Unity Technologies","Uncategorised"
"crashlyticsreports-pa.googleapis.com","1607078480996","Google","Content"
"csi.gstatic.com","1607078480745","Google","Content"
"d.agkn.com","1607078514318","AK","Advertising"
"d9.flashtalking.com","1607078475783","Flashtalking","Advertising"
"dpm.demdex.net","1607078475782","Adobe","FingerprintingGeneral"
"dt.adsafeprotected.com","1607078747529","Integral Ad Science","Advertising"
"edge.safedk.com","1607078690434","TRACKER_HOSTLIST","Uncategorised"
"essencedigitalemea2015301593033067.s.moatpixel.com","1607078516176","",""
"et-eus.w.inmobi.com","1607078732057","InMobi","Advertising"
"event.inner-active.mobi","1607078696511","Fyber","Uncategorised"
"firebaseinstallations.googleapis.com","1607078462669","Google","Content"
"firebaseremoteconfig.googleapis.com","1607078480302","Google","Content"
"fw.adsafeprotected.com","1607078746691","Integral Ad Science","Advertising"
"gce-or.bidswitch.net","1607078470743","BidSwitch","Advertising"
"gce-sc.bidswitch.net","1607078499023","BidSwitch","Advertising"
"geo.moatads.com","1607078515764","Moat","Advertising"
"googleads.g.doubleclick.net","1607078725467","Google","FingerprintingGeneral"
"httpkafka.unityads.unity3d.com","1607078763837","Unity Technologies","Uncategorised"
"imp.control.kochava.com","1607078478692","Kochava","Uncategorised"
"init.supersonicads.com","1607078467499","SupersonicAds","Advertising"
"insight.adsrvr.org","1607078516023","The Trade Desk","FingerprintingGeneral"
"js.moatads.com","1607078514352","Moat","Advertising"
"lh5.googleusercontent.com","1607078480704","Google","Content"
"mads.amazon-adsystem.com","1607078466755","Amazon.com","Advertising"
"match.adsrvr.org","1607078747789","The Trade Desk","FingerprintingGeneral"
"mobile.adsafeprotected.com","1607078747145","Integral Ad Science","Advertising"
"networksdk.ssacdn.com","1607078472825","ironSource","Uncategorised"
"newplayable.dspunion.com","1607078546308","",""
"outcome-ssp.supersonicads.com","1607078467907","SupersonicAds","Advertising"
"pixel.adsafeprotected.com","1607078472749","Integral Ad Science","Advertising"
"pixel.moatads.com","1607078717698","Moat","Advertising"
"publisher-config.unityads.unity3d.com","1607078468481","Unity Technologies","Uncategorised"
"publisher-event.unityads.unity3d.com","1607078763617","Unity Technologies","Uncategorised"
"px.moatads.com","1607078717679","Moat","Advertising"
"s0.2mdn.net","1607078472013","Google","FingerprintingGeneral"
"sdk-diagnostics.prd.mz.internal.unity3d.com","1607078763086","Unity Technologies","Uncategorised"
"sdk-events.inner-active.mobi","1607078546694","Fyber","Uncategorised"
"secure-gl.imrworldwide.com","1607078514354","Nielsen","Advertising"
"spt.saygames.io","1607078763901","",""
"static.adsafeprotected.com","1607078474383","Integral Ad Science","Advertising"
"tags.bluekai.com","1607078472482","BlueKai","FingerprintingGeneral"
"telemetry.sdk.inmobi.com","1607078767292","InMobi","Advertising"
"tpc.googlesyndication.com","1607078480319","Google","FingerprintingGeneral"
"tps.doubleverify.com","1607078726059","DoubleVerify","FingerprintingGeneral"
"tr.blismedia.com","1607078725447","TRACKER_HOSTLIST","Uncategorised"
"track.celtra.com","1607078725635","Celtra","Uncategorised"
"track.tenjin.com","1607078656799","TRACKER_HOSTLIST","Uncategorised"
"tracking.prd.mz.internal.unity3d.com","1607078763098","Unity Technologies","Uncategorised"
"us01.rayjump.com","1607078655453","Mobvista","Uncategorised"
"use-tor.adsrvr.org","1607078514355","The Trade Desk","FingerprintingGeneral"
"videoassets41.blob.core.windows.net","1607078474393","",""
"vungle2-cdn-prod.s3.amazonaws.com","1607078469902","Amazon Web Services","Content"
"wv.inner-active.mobi","1607078655094","Fyber","Uncategorised"
"wv.inner-active.mobi","1607078730772","Fyber","Uncategorised"
"crashlyticsreports-pa.googleapis.com","1607078622284","Google","Content"
"csi.gstatic.com","1607078699308","Google","Content"
"firebaseremoteconfig.googleapis.com","1607078622141","Google","Content"
"googleads.g.doubleclick.net","1607078616780","Google","FingerprintingGeneral"
"lh5.googleusercontent.com","1607078622177","Google","Content"
"s0.2mdn.net","1607078747742","Google","FingerprintingGeneral"
"tpc.googlesyndication.com","1607078622140","Google","FingerprintingGeneral"
