"daddr","time","Tracker Name","Tracker Category"
"52.71.9.24","1607083403983","",""
"52.71.9.24","1607083778082","",""
"52.71.9.24","1607083782989","",""
"52.71.9.24","1607083396675","",""
"a.applovin.com","1607083779612","Applovin","Advertising"
"acm-cf.amanotes.net","1607083782591","",""
"adc-ad-assets.adtilt.com","1607083402328","Opera Mediaworks","Uncategorised"
"adc3-launch.adcolony.com","1607083701129","Jirbo","Advertising"
"ade.googlesyndication.com","1607083680709","Google","FingerprintingGeneral"
"ads30.adcolony.com","1607083400908","Jirbo","Advertising"
"api.facebook.com","1607083793171","Facebook","Social"
"api.tapstream.com","1607083780642","TRACKER_HOSTLIST","Uncategorised"
"app.adjust.com","1607083772144","Adjust","FingerprintingGeneral"
"assets.applovin.com","1607083782626","Applovin","Advertising"
"assets.mobilegamestats.com","1607083743794","",""
"auction.unityads.unity3d.com","1607083406109","Unity Technologies","Uncategorised"
"auiopt.unityads.unity3d.com","1607083409762","Unity Technologies","Uncategorised"
"b-api.facebook.com","1607083786585","Facebook","Social"
"bcs.amanotes.net","1607083396100","",""
"blank","1607083474701","",""
"bmedia.justservingfiles.net","1607083411378","TRACKER_HOSTLIST","Uncategorised"
"cdn.branch.io","1607083787401","Branch","Analytics"
"cdp.cloud.unity3d.com","1607083668350","Unity Technologies","Uncategorised"
"code.jquery.com","1607083399575","",""
"config.uca.cloud.unity3d.com","1607083396144","Unity Technologies","Uncategorised"
"config.unityads.unity3d.com","1607083404540","Unity Technologies","Uncategorised"
"consent-form.ogury.co","1607083415610","",""
"conversions.appsflyer.com","1607083774232","AppsFlyer","Advertising"
"crashlyticsreports-pa.googleapis.com","1607083415387","Google","Content"
"csi.gstatic.com","1607083412835","Google","Content"
"d1tru86qrby720.cloudfront.net","1607083396767","Amazon.com","Content"
"d25l8ybundaqcq.cloudfront.net","1607083526451","Amazon.com","Content"
"d25l8ybundaqcq.cloudfront.net","1607083397035","Amazon.com","Content"
"ecommerce.iap.unity3d.com","1607083397739","Unity Technologies","Uncategorised"
"events3.adcolony.com","1607083785579","Jirbo","Advertising"
"firebase-settings.crashlytics.com","1607083395023","Google","Analytics"
"firebaseinstallations.googleapis.com","1607083397101","Google","Content"
"firebaseremoteconfig.googleapis.com","1607083412845","Google","Content"
"gcdsdk.appsflyer.com","1607083405414","AppsFlyer","Advertising"
"httpkafka.unityads.unity3d.com","1607083409813","Unity Technologies","Uncategorised"
"iab-imp-gateway.supersonicads.com","1607083743608","SupersonicAds","Advertising"
"img.youtube.com","1607083775585","Google","Content"
"inapps.appsflyer.com","1607083778674","AppsFlyer","Advertising"
"init.supersonicads.com","1607083398092","SupersonicAds","Advertising"
"lh3.googleusercontent.com","1607083413088","Google","Content"
"networksdk.ssacdn.com","1607083399585","ironSource","Uncategorised"
"newplayable.dspunion.com","1607083416372","",""
"outcome-cdn.supersonicads.com","1607083783038","SupersonicAds","Advertising"
"outcome-ssp.supersonicads.com","1607083417238","SupersonicAds","Advertising"
"perf-events.cloud.unity3d.com","1607083537982","Unity Technologies","Uncategorised"
"pm-gateway.supersonicads.com","1607083778573","SupersonicAds","Advertising"
"publisher-config.unityads.unity3d.com","1607083405691","Unity Technologies","Uncategorised"
"s2s.adjust.com","1607083743771","Adjust","FingerprintingGeneral"
"superpowered.com","1607083404429","",""
"tpc.googlesyndication.com","1607083412849","Google","FingerprintingGeneral"
"tracking.prd.mz.internal.unity3d.com","1607083406064","Unity Technologies","Uncategorised"
"wins.simharif.com","1607083787068","",""
"ade.googlesyndication.com","1607083668513","Google","FingerprintingGeneral"
"crashlyticsreports-pa.googleapis.com","1607083414267","Google","Content"
"csi.gstatic.com","1607083669717","Google","Content"
"lh3.googleusercontent.com","1607083680779","Google","Content"
"tpc.googlesyndication.com","1607083413010","Google","FingerprintingGeneral"
