"daddr","time","Tracker Name","Tracker Category"
"5fobajik79.execute-api.us-west-2.amazonaws.com","1606914288434","Amazon Web Services","Content"
"a.applovin.com","1606914615129","Applovin","Advertising"
"ads.api.vungle.com","1606914289683","Blackstone","Uncategorised"
"ads.mopub.com","1606914615205","MoPub","Advertising"
"ajax.googleapis.com","1606914362821","Google","Content"
"analytics.dspunion.com","1606914439890","TRACKER_HOSTLIST","Uncategorised"
"analytics.rayjump.com","1606914518137","Mobvista","Uncategorised"
"api.gameanalytics.com","1606914548444","Mobvista","Uncategorised"
"assets.dspunion.com","1606914548043","",""
"athena.api.kwalee.com","1606914607040","",""
"auction.unityads.unity3d.com","1606914298578","Unity Technologies","Uncategorised"
"auiopt.unityads.unity3d.com","1606914304087","Unity Technologies","Uncategorised"
"b-api.facebook.com","1606914588851","Facebook","Social"
"cdn-creatives-highwinds-prd.unityads.unity3d.com","1606914307393","Unity Technologies","Uncategorised"
"cdn-f.adsmoloco.com","1606914571355","TRACKER_HOSTLIST","Uncategorised"
"cdn2.inner-active.mobi","1606914300800","Fyber","Uncategorised"
"cdp.cloud.unity3d.com","1606914571195","Unity Technologies","Uncategorised"
"code.jquery.com","1606914305561","",""
"config.uca.cloud.unity3d.com","1606914287810","Unity Technologies","Uncategorised"
"config.unityads.unity3d.com","1606914297110","Unity Technologies","Uncategorised"
"connect.tapjoy.com","1606914288829","Tapjoy","Uncategorised"
"content.tapjoy.com","1606914289995","Tapjoy","Uncategorised"
"crashlyticsreports-pa.googleapis.com","1606914363132","Google","Content"
"csi.gstatic.com","1606914362840","Google","Content"
"d2kre6881rwtik.cloudfront.net","1606914549548","Amazon.com","Content"
"dm16-alisg.byteoversea.com","1606914355772","",""
"ecommerce.iap.unity3d.com","1606914287463","Unity Technologies","Uncategorised"
"event.inner-active.mobi","1606914601838","Fyber","Uncategorised"
"firebase-settings.crashlytics.com","1606914284106","Google","Analytics"
"firebaseinstallations.googleapis.com","1606914283992","Google","Content"
"gcdsdk.appsflyer.com","1606914315285","AppsFlyer","Advertising"
"googleads.g.doubleclick.net","1606914477973","Google","FingerprintingGeneral"
"graph.facebook.com","1606914614490","Facebook","Social"
"httpkafka.unityads.unity3d.com","1606914304114","Unity Technologies","Uncategorised"
"init.supersonicads.com","1606914304056","SupersonicAds","Advertising"
"is-gateway.supersonicads.com","1606914305847","SupersonicAds","Advertising"
"live-playphoto.servers.kwalee.com","1606914571217","",""
"live.chartboost.com","1606914545838","Chartboost","Advertising"
"logs.supersonic.com","1606914305713","ironSource","Uncategorised"
"networksdk.ssacdn.com","1606914305575","ironSource","Uncategorised"
"newplayable.dspunion.com","1606914300967","",""
"outcome-ssp.supersonicads.com","1606914614188","SupersonicAds","Advertising"
"pangolin16.isnssdk.com","1606914288799","",""
"placements.tapjoy.com","1606914289446","Tapjoy","Uncategorised"
"play.rayjump.com","1606914321402","Mobvista","Uncategorised"
"playable-stats.mindworks-creative.com","1606914549683","",""
"publisher-config.unityads.unity3d.com","1606914298094","Unity Technologies","Uncategorised"
"px.moatads.com","1606914289326","Moat","Advertising"
"rpc.tapjoy.com","1606914289409","Tapjoy","Uncategorised"
"rv-gateway.supersonicads.com","1606914610594","SupersonicAds","Advertising"
"sdk-events.inner-active.mobi","1606914602051","Fyber","Uncategorised"
"sf-tb-sg.ibytedtos.com","1606914294633","",""
"sf16-muse-va.ibytedtos.com","1606914290004","",""
"tpc.googlesyndication.com","1606914362831","Google","FingerprintingGeneral"
"tr-us.adsmoloco.com","1606914571383","TRACKER_HOSTLIST","Uncategorised"
"track.tenjin.com","1606914287436","TRACKER_HOSTLIST","Uncategorised"
"tracking.prd.mz.internal.unity3d.com","1606914614141","Unity Technologies","Uncategorised"
"us01.rayjump.com","1606914518154","Mobvista","Uncategorised"
"view.adjust.com","1606914571672","Adjust","FingerprintingGeneral"
"ws.tapjoyads.com","1606914289609","Tapjoy","Uncategorised"
"wv.inner-active.mobi","1606914616325","Fyber","Uncategorised"
"googleads.g.doubleclick.net","1606914508988","Google","FingerprintingGeneral"
"pool.ntp.org","1606914288691","",""
