"daddr","time","Tracker Name","Tracker Category"
"a.applovin.com","1606991176903","Applovin","Advertising"
"ad.doubleclick.net","1606990891062","Google","FingerprintingGeneral"
"ade.googlesyndication.com","1606991146333","Google","FingerprintingGeneral"
"ads.celtra.com","1606991022069","Celtra","Uncategorised"
"ads.inmobi.com","1606991160657","InMobi","Advertising"
"ajax.googleapis.com","1606990893221","Google","Content"
"b-api.facebook.com","1606991186136","Facebook","Social"
"blank","1606990959379","",""
"c.tpbid.com","1606990970335","TRACKER_HOSTLIST","Uncategorised"
"cache-ssl.celtra.com","1606990890802","Celtra","Uncategorised"
"cdn.doubleverify.com","1606990891530","DoubleVerify","FingerprintingGeneral"
"cdn.flashtalking.com","1606990898139","Flashtalking","Advertising"
"cdn2.inner-active.mobi","1606990888656","Fyber","Uncategorised"
"cdp.cloud.unity3d.com","1606990883939","Unity Technologies","Uncategorised"
"choices.trustarc.com","1606990891739","TRACKER_HOSTLIST","Uncategorised"
"choices.truste.com","1606990889610","TRUSTe","Content"
"code.jquery.com","1606990890217","",""
"config.inmobi.com","1606991116825","InMobi","Advertising"
"config.uca.cloud.unity3d.com","1606990883207","Unity Technologies","Uncategorised"
"config.unityads.unity3d.com","1606990897657","Unity Technologies","Uncategorised"
"control.kochava.com","1606991155672","Kochava","Uncategorised"
"crashlyticsreports-pa.googleapis.com","1606990893707","Google","Content"
"csi.gstatic.com","1606990893791","Google","Content"
"d.agkn.com","1606990954888","AK","Advertising"
"d9.flashtalking.com","1606991131739","Flashtalking","Advertising"
"dpm.demdex.net","1606991131729","Adobe","FingerprintingGeneral"
"dt.adsafeprotected.com","1606991115410","Integral Ad Science","Advertising"
"dt.adsafeprotected.com","1606991175886","Integral Ad Science","Advertising"
"ecommerce.iap.unity3d.com","1606990906897","Unity Technologies","Uncategorised"
"essencedigitalemea2015301593033067.s.moatpixel.com","1606990963750","",""
"et-eus.w.inmobi.com","1606990994798","InMobi","Advertising"
"fw.adsafeprotected.com","1606991094448","Integral Ad Science","Advertising"
"fw.adsafeprotected.com","1606991173161","Integral Ad Science","Advertising"
"gce-or.bidswitch.net","1606990985447","BidSwitch","Advertising"
"gce-sc.bidswitch.net","1606991131399","BidSwitch","Advertising"
"geo.moatads.com","1606990900001","Moat","Advertising"
"googleads.g.doubleclick.net","1606991156497","Google","FingerprintingGeneral"
"gotu.tpbid.com","1606990970346","TRACKER_HOSTLIST","Uncategorised"
"graph.facebook.com","1606991160494","Facebook","Social"
"hwcdn.libsyn.com","1606991190766","",""
"imp.control.kochava.com","1606990970352","Kochava","Uncategorised"
"init.supersonicads.com","1606990888652","SupersonicAds","Advertising"
"insight.adsrvr.org","1606990900343","The Trade Desk","FingerprintingGeneral"
"is-gateway.supersonicads.com","1606990891981","SupersonicAds","Advertising"
"kvinit-prod.api.kochava.com","1606990890726","Kochava","Uncategorised"
"lh3.googleusercontent.com","1606990893481","Google","Content"
"logs.supersonic.com","1606990890401","ironSource","Uncategorised"
"match.adsrvr.org","1606990898460","The Trade Desk","FingerprintingGeneral"
"mobile.adsafeprotected.com","1606991095355","Integral Ad Science","Advertising"
"mobile.adsafeprotected.com","1606991174894","Integral Ad Science","Advertising"
"networksdk.ssacdn.com","1606990890233","ironSource","Uncategorised"
"outcome-ssp.supersonicads.com","1606991077244","SupersonicAds","Advertising"
"pad-v3.presage.io","1606990892502","Presage","Uncategorised"
"pixel.moatads.com","1606991022263","Moat","Advertising"
"pl-v2.presage.io","1606991161249","Presage","Uncategorised"
"px.moatads.com","1606991156611","Moat","Advertising"
"s0.2mdn.net","1606990985662","Google","FingerprintingGeneral"
"static.adsafeprotected.com","1606991094919","Integral Ad Science","Advertising"
"static.adsafeprotected.com","1606990985726","Integral Ad Science","Advertising"
"sy-v1.presage.io","1606991161246","Presage","Uncategorised"
"tags.bluekai.com","1606990985689","BlueKai","FingerprintingGeneral"
"telemetry.sdk.inmobi.com","1606990918170","InMobi","Advertising"
"tpc.googlesyndication.com","1606990889710","Google","FingerprintingGeneral"
"tps.doubleverify.com","1606991141170","DoubleVerify","FingerprintingGeneral"
"tps20228.doubleverify.com","1606991081289","DoubleVerify","FingerprintingGeneral"
"tps20230.doubleverify.com","1606991173851","DoubleVerify","FingerprintingGeneral"
"tps20233.doubleverify.com","1606991156561","DoubleVerify","FingerprintingGeneral"
"tr.blismedia.com","1606991156450","TRACKER_HOSTLIST","Uncategorised"
"track.celtra.com","1606991173819","Celtra","Uncategorised"
"use-tor.adsrvr.org","1606991094532","The Trade Desk","FingerprintingGeneral"
"videoassets41.blob.core.windows.net","1606990898577","",""
"wv.inner-active.mobi","1606991158162","Fyber","Uncategorised"
"ad.doubleclick.net","1606991139976","Google","FingerprintingGeneral"
"csi.gstatic.com","1606991147351","Google","Content"
"googleads.g.doubleclick.net","1606990985425","Google","FingerprintingGeneral"
"lh3.googleusercontent.com","1606990943081","Google","Content"
"s0.2mdn.net","1606991095800","Google","FingerprintingGeneral"
"tpc.googlesyndication.com","1606990893171","Google","FingerprintingGeneral"
