"daddr","time","Tracker Name","Tracker Category"
"adexp.liftoff.io","1606855902043","Liftoff","Uncategorised"
"ads-brand-postback.unityads.unity3d.com","1606856090511","Unity Technologies","Uncategorised"
"ads.api.vungle.com","1606855829700","Blackstone","Uncategorised"
"ads.mopub.com","1606856168651","MoPub","Advertising"
"ajax.googleapis.com","1606855852398","Google","Content"
"analytics.rayjump.com","1606856049924","Mobvista","Uncategorised"
"api.gameanalytics.com","1606856183749","Mobvista","Uncategorised"
"assets.dspunion.com","1606856050080","",""
"auction.unityads.unity3d.com","1606856162278","Unity Technologies","Uncategorised"
"auiopt.unityads.unity3d.com","1606855846997","Unity Technologies","Uncategorised"
"b-graph.facebook.com","1606856136687","Facebook","Social"
"blank","1606856001943","",""
"cdn-adn-https.rayjump.com","1606855829594","Mobvista","Uncategorised"
"cdn-creatives-highwinds-prd.unityads.unity3d.com","1606855851162","Unity Technologies","Uncategorised"
"cdn-lb.vungle.com","1606855830461","Blackstone","Uncategorised"
"cdn.liftoff.io","1606855896896","Liftoff","Uncategorised"
"cdn2.inner-active.mobi","1606855829090","Fyber","Uncategorised"
"cdp.cloud.unity3d.com","1606855828444","Unity Technologies","Uncategorised"
"clients3.google.com","1606855856280","Google","Content"
"code.jquery.com","1606855847255","",""
"config.uca.cloud.unity3d.com","1606855828026","Unity Technologies","Uncategorised"
"config.unityads.unity3d.com","1606855843065","Unity Technologies","Uncategorised"
"configure.rayjump.com","1606855829432","Mobvista","Uncategorised"
"crashlyticsreports-pa.googleapis.com","1606855853065","Google","Content"
"d.applovin.com","1606856132754","Applovin","Advertising"
"docs.google.com","1606855856285","Google","Content"
"dsp.mobvista.com","1606856050807","Mobvista","Uncategorised"
"firebase-settings.crashlytics.com","1606855827581","Google","Analytics"
"firebaseremoteconfig.googleapis.com","1606855834142","Google","Content"
"googleads.g.doubleclick.net","1606856124031","Google","FingerprintingGeneral"
"graph.facebook.com","1606856183560","Facebook","Social"
"httpkafka.unityads.unity3d.com","1606855846900","Unity Technologies","Uncategorised"
"impression-east.liftoff.io","1606856168685","Liftoff","Uncategorised"
"is-gateway.supersonicads.com","1606855855604","SupersonicAds","Advertising"
"lh4.googleusercontent.com","1606855852766","Google","Content"
"live.chartboost.com","1606855828653","Chartboost","Advertising"
"logs.supersonic.com","1606855847444","ironSource","Uncategorised"
"networksdk.ssacdn.com","1606855847267","ironSource","Uncategorised"
"newplayable.dspunion.com","1606856049776","",""
"outcome-ssp.supersonicads.com","1606856080741","SupersonicAds","Advertising"
"pagead2.googleadservices.com","1606855856744","Google","FingerprintingGeneral"
"pangolin16.isnssdk.com","1606855902036","",""
"pdn.applovin.com","1606855902176","Applovin","Advertising"
"publisher-config.unityads.unity3d.com","1606855844433","Unity Technologies","Uncategorised"
"px.moatads.com","1606855829648","Moat","Advertising"
"r2---sn-8pgbpohxqp5-ajts.googlevideo.com","1606855853017","Alphabet","Uncategorised"
"r4---sn-8pgbpohxqp5-ajts.googlevideo.com","1606856070662","Alphabet","Uncategorised"
"rv-gateway.supersonicads.com","1606855850960","SupersonicAds","Advertising"
"sdk-diagnostics.prd.mz.internal.unity3d.com","1606856092531","Unity Technologies","Uncategorised"
"sf-tb-sg.ibytedtos.com","1606855836924","",""
"sf16-muse-va.ibytedtos.com","1606855829202","",""
"tpc.googlesyndication.com","1606855852443","Google","FingerprintingGeneral"
"track.tenjin.com","1606855837360","TRACKER_HOSTLIST","Uncategorised"
"tracking.prd.mz.internal.unity3d.com","1606856132114","Unity Technologies","Uncategorised"
"us01.rayjump.com","1606856050023","Mobvista","Uncategorised"
"vungle2-cdn-prod.s3.amazonaws.com","1606855831319","Amazon Web Services","Content"
"www.gstatic.com","1606855852434","Google","Content"
"csi.gstatic.com","1606856114732","Google","Content"
"googleads.g.doubleclick.net","1606856113625","Google","FingerprintingGeneral"
"lh4.googleusercontent.com","1606856139666","Google","Content"
"tpc.googlesyndication.com","1606855852632","Google","FingerprintingGeneral"
"www.gstatic.com","1606855944800","Google","Content"
