"daddr","time","Tracker Name","Tracker Category"
"a.applovin.com","1606913461655","Applovin","Advertising"
"adclick.g.doubleclick.net","1606913250701","Google","FingerprintingGeneral"
"ade.googlesyndication.com","1606913204513","Google","FingerprintingGeneral"
"ads.mopub.com","1606913189165","MoPub","Advertising"
"ads.mopub.com","1606913458074","MoPub","Advertising"
"adtools-a.akamaihd.net","1606913188848","Akamai","Content"
"api-gdpr.voodoo-tech.io","1606913183341","TRACKER_HOSTLIST","Uncategorised"
"api.gameanalytics.com","1606913467636","Mobvista","Uncategorised"
"api2.branch.io","1606913463063","Branch","Analytics"
"app.adjust.com","1606913326015","Adjust","FingerprintingGeneral"
"auction.unityads.unity3d.com","1606913189177","Unity Technologies","Uncategorised"
"auiopt.unityads.unity3d.com","1606913191401","Unity Technologies","Uncategorised"
"b-api.facebook.com","1606913485479","Facebook","Social"
"b.de.inmobi.com","1606913189288","InMobi","Advertising"
"cdn-creatives-highwinds-prd.unityads.unity3d.com","1606913194121","Unity Technologies","Uncategorised"
"cdp.cloud.unity3d.com","1606913184621","Unity Technologies","Uncategorised"
"cm.g.doubleclick.net","1606913471368","Google","FingerprintingGeneral"
"code.jquery.com","1606913196255","",""
"config.uca.cloud.unity3d.com","1606913183340","Unity Technologies","Uncategorised"
"config.unityads.unity3d.com","1606913187678","Unity Technologies","Uncategorised"
"crashlyticsreports-pa.googleapis.com","1606913204605","Google","Content"
"csi.gstatic.com","1606913204550","Google","Content"
"ecommerce.iap.unity3d.com","1606913183301","Unity Technologies","Uncategorised"
"events.appsflyer.com","1606913196515","AppsFlyer","Advertising"
"firebaseremoteconfig.googleapis.com","1606913204112","Google","Content"
"gcdsdk.appsflyer.com","1606913310541","AppsFlyer","Advertising"
"googleads.g.doubleclick.net","1606913277982","Google","FingerprintingGeneral"
"httpkafka.unityads.unity3d.com","1606913191369","Unity Technologies","Uncategorised"
"hwcdn.libsyn.com","1606913189352","",""
"init.supersonicads.com","1606913191410","SupersonicAds","Advertising"
"is-gateway.supersonicads.com","1606913196526","SupersonicAds","Advertising"
"lh3.googleusercontent.com","1606913206526","Google","Content"
"live.chartboost.com","1606913462433","Chartboost","Advertising"
"logs.supersonic.com","1606913196384","ironSource","Uncategorised"
"networksdk.ssacdn.com","1606913196265","ironSource","Uncategorised"
"outcome-ssp.supersonicads.com","1606913283322","SupersonicAds","Advertising"
"p.presage.io","1606913185848","Presage","Uncategorised"
"pad-v3.presage.io","1606913185317","Presage","Uncategorised"
"publisher-config.unityads.unity3d.com","1606913188852","Unity Technologies","Uncategorised"
"r3---sn-8pgbpohxqp5-ajts.googlevideo.com","1606913204572","Alphabet","Uncategorised"
"serve.qriously.com","1606913268738","",""
"static.qriously.com","1606913267913","",""
"tpc.googlesyndication.com","1606913204110","Google","FingerprintingGeneral"
"track.tenjin.com","1606913306343","TRACKER_HOSTLIST","Uncategorised"
"track.tenjin.io","1606913448300","TRACKER_HOSTLIST","Uncategorised"
"tracking.prd.mz.internal.unity3d.com","1606913461049","Unity Technologies","Uncategorised"
"vs-api.voodoo-tech.io","1606913189586","",""
"ade.googlesyndication.com","1606913185595","Google","FingerprintingGeneral"
"crashlyticsreports-pa.googleapis.com","1606913208056","Google","Content"
"csi.gstatic.com","1606913449489","Google","Content"
"firebaseremoteconfig.googleapis.com","1606913207799","Google","Content"
"lh3.googleusercontent.com","1606913386095","Google","Content"
"tpc.googlesyndication.com","1606913204354","Google","FingerprintingGeneral"
