"daddr","time","Tracker Name","Tracker Category"
"a.applovin.com","1607085099400","Applovin","Advertising"
"acm-cf.amanotes.net","1607084750203","",""
"ad.doubleclick.net","1607084769302","Google","FingerprintingGeneral"
"ade.googlesyndication.com","1607085070352","Google","FingerprintingGeneral"
"adexp.liftoff.io","1607084771388","Liftoff","Uncategorised"
"ads-brand-postback.unityads.unity3d.com","1607085085427","Unity Technologies","Uncategorised"
"ads.api.vungle.com","1607084752106","Blackstone","Uncategorised"
"ads.inmobi.com","1607085077042","InMobi","Advertising"
"analytics.rayjump.com","1607084833615","Mobvista","Uncategorised"
"api.facebook.com","1607085079811","Facebook","Social"
"app.appsflyer.com","1607084762775","AppsFlyer","Advertising"
"app.appsflyer.com","1607085053996","AppsFlyer","Advertising"
"assets.dspunion.com","1607084833617","",""
"auction.unityads.unity3d.com","1607085075228","Unity Technologies","Uncategorised"
"auiopt.unityads.unity3d.com","1607085018737","Unity Technologies","Uncategorised"
"aux.fqtag.com","1607084769679","Impact Radius","Uncategorised"
"b-api.facebook.com","1607085050167","Facebook","Social"
"blank","1607084826384","",""
"block-keywords.loopme.com","1607084768615","LoopMe","Advertising"
"bmedia.justservingfiles.net","1607085018776","TRACKER_HOSTLIST","Uncategorised"
"cdn.flashtalking.com","1607084771279","Flashtalking","Advertising"
"cdn.flashtalking.com","1607084760522","Flashtalking","Advertising"
"cdn.fqtag.com","1607084769330","Impact Radius","Uncategorised"
"cdn1.inner-active.mobi","1607084833768","Fyber","Uncategorised"
"cdn2.inner-active.mobi","1607084833066","Fyber","Uncategorised"
"cdp.cloud.unity3d.com","1607084749400","Unity Technologies","Uncategorised"
"code.jquery.com","1607084751369","",""
"config.inmobi.com","1607084759604","InMobi","Advertising"
"config.uca.cloud.unity3d.com","1607084749047","Unity Technologies","Uncategorised"
"config.unityads.unity3d.com","1607084749564","Unity Technologies","Uncategorised"
"control.kochava.com","1607085037866","Kochava","Uncategorised"
"crashlyticsreports-pa.googleapis.com","1607084756210","Google","Content"
"creative.mdspinc.com","1607084923532","",""
"csi.gstatic.com","1607084753705","Google","Content"
"d.agkn.com","1607084965230","AK","Advertising"
"dt.adsafeprotected.com","1607084964791","Integral Ad Science","Advertising"
"ecommerce.iap.unity3d.com","1607084748546","Unity Technologies","Uncategorised"
"et-eus.w.inmobi.com","1607084762790","InMobi","Advertising"
"event.inner-active.mobi","1607085040394","Fyber","Uncategorised"
"firebaseremoteconfig.googleapis.com","1607084752743","Google","Content"
"fqtag.com","1607084768307","Impact Radius","Uncategorised"
"fw.adsafeprotected.com","1607084962614","Integral Ad Science","Advertising"
"googleads.g.doubleclick.net","1607084918708","Google","FingerprintingGeneral"
"gwbudgetali.iymedia.me","1607084949733","",""
"httpkafka.unityads.unity3d.com","1607084758861","Unity Technologies","Uncategorised"
"impression-east.liftoff.io","1607084771398","Liftoff","Uncategorised"
"impression-europe.liftoff.io","1607085053748","Liftoff","Uncategorised"
"init.supersonicads.com","1607084749829","SupersonicAds","Advertising"
"kvinit-prod.api.kochava.com","1607084748844","Kochava","Uncategorised"
"lh3.googleusercontent.com","1607084755721","Google","Content"
"loopmeedge.net","1607084768920","",""
"m.loopme.me","1607084768304","LoopMe","Uncategorised"
"mobile.adsafeprotected.com","1607084964755","Integral Ad Science","Advertising"
"ms-ads.presage.io","1607084749376","Presage","Uncategorised"
"mydmp.exelator.com","1607084965231","eXelate","Advertising"
"networksdk.ssacdn.com","1607084752396","ironSource","Uncategorised"
"newplayable.dspunion.com","1607084833137","",""
"p.presage.io","1607084750988","Presage","Uncategorised"
"publisher-config.unityads.unity3d.com","1607084750609","Unity Technologies","Uncategorised"
"publisher-event.unityads.unity3d.com","1607085004210","Unity Technologies","Uncategorised"
"px.moatads.com","1607085079573","Moat","Advertising"
"s.update.adsrvr.org","1607084906656","The Trade Desk","FingerprintingGeneral"
"s0.2mdn.net","1607084769794","Google","FingerprintingGeneral"
"sdk-diagnostics.prd.mz.internal.unity3d.com","1607085085429","Unity Technologies","Uncategorised"
"sdk-events.inner-active.mobi","1607084833629","Fyber","Uncategorised"
"static.adsafeprotected.com","1607084848666","Integral Ad Science","Advertising"
"telemetry.sdk.inmobi.com","1607085079441","InMobi","Advertising"
"tk0x1.com","1607085085461","",""
"tpc.googlesyndication.com","1607084752765","Google","FingerprintingGeneral"
"tracking.prd.mz.internal.unity3d.com","1607085085448","Unity Technologies","Uncategorised"
"us01.rayjump.com","1607084977512","Mobvista","Uncategorised"
"videoassets41.blob.core.windows.net","1607084760721","",""
"vungle2-cdn-prod.s3.amazonaws.com","1607084752841","Amazon Web Services","Content"
"wv.inner-active.mobi","1607084977223","Fyber","Uncategorised"
"wv.inner-active.mobi","1607085050939","Fyber","Uncategorised"
"ad.doubleclick.net","1607085079154","Google","FingerprintingGeneral"
"ade.googlesyndication.com","1607085079401","Google","FingerprintingGeneral"
"blank","1607084769962","",""
"csi.gstatic.com","1607084920069","Google","Content"
"firebaseremoteconfig.googleapis.com","1607084762701","Google","Content"
"fqtag.com","1607084769696","Impact Radius","Uncategorised"
"lh3.googleusercontent.com","1607084805824","Google","Content"
"s0.2mdn.net","1607085066864","Google","FingerprintingGeneral"
"stun.2talk.com","1607084769963","",""
"stun.counterpath.com","1607084771823","",""
"stun.gradwell.com","1607084769963","",""
"stun.jumblo.com","1607084769964","",""
"stun.nas.net","1607084769991","",""
"stun.veoh.com","1607084769989","",""
"stun.voip.aebc.com","1607084770162","",""
"stun.wwdl.net","1607084770167","",""
"tpc.googlesyndication.com","1607085079585","Google","FingerprintingGeneral"
