"daddr","time","Tracker Name","Tracker Category"
"a.applovin.com","1607032363068","Applovin","Advertising"
"acm-cf.amanotes.net","1607032044547","",""
"adc-ad-assets.adtilt.com","1607032046600","Opera Mediaworks","Uncategorised"
"adc3-launch.adcolony.com","1607032346150","Jirbo","Advertising"
"ade.googlesyndication.com","1607032048359","Google","FingerprintingGeneral"
"ads30.adcolony.com","1607032045830","Jirbo","Advertising"
"adservice.google.com","1607032369577","Google","FingerprintingGeneral"
"ajax.googleapis.com","1607032048007","Google","Content"
"app.adjust.com","1607032226628","Adjust","FingerprintingGeneral"
"assets.applovin.com","1607032047977","Applovin","Advertising"
"assets.mobilegamestats.com","1607032173766","",""
"auction.unityads.unity3d.com","1607032236795","Unity Technologies","Uncategorised"
"auiopt.unityads.unity3d.com","1607032238753","Unity Technologies","Uncategorised"
"b-api.facebook.com","1607032370002","Facebook","Social"
"cdn-creatives-highwinds-prd.unityads.unity3d.com","1607032241797","Unity Technologies","Uncategorised"
"cdn.branch.io","1607032366563","Branch","Analytics"
"cdn2.inner-active.mobi","1607032046080","Fyber","Uncategorised"
"cdp.cloud.unity3d.com","1607032041329","Unity Technologies","Uncategorised"
"code.jquery.com","1607032042589","",""
"config.uca.cloud.unity3d.com","1607032041039","Unity Technologies","Uncategorised"
"config.unityads.unity3d.com","1607032234951","Unity Technologies","Uncategorised"
"consent-form.ogury.co","1607032234173","",""
"conversions.appsflyer.com","1607032229510","AppsFlyer","Advertising"
"crashlyticsreports-pa.googleapis.com","1607032048475","Google","Content"
"csi.gstatic.com","1607032048356","Google","Content"
"dpm.demdex.net","1607032359148","Adobe","FingerprintingGeneral"
"ecommerce.iap.unity3d.com","1607032044643","Unity Technologies","Uncategorised"
"events3.adcolony.com","1607032369580","Jirbo","Advertising"
"firebase-settings.crashlytics.com","1607032040258","Google","Analytics"
"firebaseremoteconfig.googleapis.com","1607032041426","Google","Content"
"gcdsdk.appsflyer.com","1607032044452","AppsFlyer","Advertising"
"graph.facebook.com","1607032355443","Facebook","Social"
"httpkafka.unityads.unity3d.com","1607032238801","Unity Technologies","Uncategorised"
"iab-imp-gateway.supersonicads.com","1607032173615","SupersonicAds","Advertising"
"inapps.appsflyer.com","1607032355727","AppsFlyer","Advertising"
"init.supersonicads.com","1607032041436","SupersonicAds","Advertising"
"k.isprog.com","1607032370323","",""
"lh3.googleusercontent.com","1607032048366","Google","Content"
"mraid.presage.io","1607032368181","Presage","Uncategorised"
"networksdk.ssacdn.com","1607032042597","ironSource","Uncategorised"
"newplayable.dspunion.com","1607032168983","",""
"outcome-cdn.supersonicads.com","1607032234688","SupersonicAds","Advertising"
"outcome-ssp.supersonicads.com","1607032355378","SupersonicAds","Advertising"
"perf-events.cloud.unity3d.com","1607032040878","Unity Technologies","Uncategorised"
"pm-gateway.supersonicads.com","1607032361900","SupersonicAds","Advertising"
"publisher-config.unityads.unity3d.com","1607032236416","Unity Technologies","Uncategorised"
"register.appsflyer.com","1607032044437","AppsFlyer","Advertising"
"res1.applovin.com","1607032241780","Applovin","Advertising"
"s0.2mdn.net","1607032358822","Google","FingerprintingGeneral"
"s2s.adjust.com","1607032173912","Adjust","FingerprintingGeneral"
"tpc.googlesyndication.com","1607032048016","Google","FingerprintingGeneral"
"tracking.prd.mz.internal.unity3d.com","1607032236726","Unity Technologies","Uncategorised"
"wd.adcolony.com","1607032047003","Jirbo","Advertising"
"wv.inner-active.mobi","1607032363572","Fyber","Uncategorised"
"ade.googlesyndication.com","1607032045273","Google","FingerprintingGeneral"
"adservice.google.com","1607032355385","Google","FingerprintingGeneral"
"ajax.googleapis.com","1607032167594","Google","Content"
"csi.gstatic.com","1607032356437","Google","Content"
"lh3.googleusercontent.com","1607032366111","Google","Content"
"s0.2mdn.net","1607032359093","Google","FingerprintingGeneral"
"tpc.googlesyndication.com","1607032358680","Google","FingerprintingGeneral"
