"daddr","time","Tracker Name","Tracker Category"
"a.applovin.com","1607076116026","Applovin","Advertising"
"acm-cf.amanotes.net","1607076064398","",""
"ade.googlesyndication.com","1607075877961","Google","FingerprintingGeneral"
"ads-brand-postback.unityads.unity3d.com","1607075894684","Unity Technologies","Uncategorised"
"ads.api.vungle.com","1607076039125","Blackstone","Uncategorised"
"analytics.mobilegamestats.com","1607075996356","",""
"analytics.rayjump.com","1607075960624","Mobvista","Uncategorised"
"api-us.bidmachine.io","1607075960634","",""
"api.facebook.com","1607076089036","Facebook","Social"
"api.gameanalytics.com","1607076116660","Mobvista","Uncategorised"
"app.appsflyer.com","1607075905273","AppsFlyer","Advertising"
"assets.applovin.com","1607075880676","Applovin","Advertising"
"assets.dspunion.com","1607075960265","",""
"assets.mobilegamestats.com","1607076031035","",""
"auction.unityads.unity3d.com","1607076082408","Unity Technologies","Uncategorised"
"auiopt.unityads.unity3d.com","1607076009408","Unity Technologies","Uncategorised"
"b-api.facebook.com","1607076085303","Facebook","Social"
"beacon-us-iad2.rubiconproject.com","1607075940777","RubiconProject","Advertising"
"bmedia.justservingfiles.net","1607076009381","TRACKER_HOSTLIST","Uncategorised"
"cdn-lb.vungle.com","1607076040791","Blackstone","Uncategorised"
"cdn.branch.io","1607076033451","Branch","Analytics"
"cdn.liftoff.io","1607075915445","Liftoff","Uncategorised"
"cdn2.inner-active.mobi","1607075940963","Fyber","Uncategorised"
"cdp.cloud.unity3d.com","1607076081754","Unity Technologies","Uncategorised"
"code.jquery.com","1607075863800","",""
"collector.lunalabs.io","1607075996760","",""
"config.mobilegamestats.com","1607075864522","",""
"config.uca.cloud.unity3d.com","1607075859430","Unity Technologies","Uncategorised"
"config.unityads.unity3d.com","1607075867985","Unity Technologies","Uncategorised"
"conversions.appsflyer.com","1607076012214","AppsFlyer","Advertising"
"crashlyticsreports-pa.googleapis.com","1607075878230","Google","Content"
"csi.gstatic.com","1607075880870","Google","Content"
"d2br548mr8rnz3.cloudfront.net","1607075940787","Amazon.com","Content"
"dsp.mobvista.com","1607075960597","Mobvista","Uncategorised"
"ecommerce.iap.unity3d.com","1607075860729","Unity Technologies","Uncategorised"
"event.inner-active.mobi","1607075985869","Fyber","Uncategorised"
"firebaseremoteconfig.googleapis.com","1607075877522","Google","Content"
"gcdsdk.appsflyer.com","1607075863090","AppsFlyer","Advertising"
"googleads.g.doubleclick.net","1607076034156","Google","FingerprintingGeneral"
"httpkafka.unityads.unity3d.com","1607076030972","Unity Technologies","Uncategorised"
"iab-imp-gateway.supersonicads.com","1607076085393","SupersonicAds","Advertising"
"imp-lb-us2.jampp.com","1607075940473","",""
"impression-east.liftoff.io","1607076041178","Liftoff","Uncategorised"
"impression.appsflyer.com","1607076031235","AppsFlyer","Advertising"
"init.supersonicads.com","1607075940475","SupersonicAds","Advertising"
"lh5.googleusercontent.com","1607075877767","Google","Content"
"logs.supersonic.com","1607075862714","ironSource","Uncategorised"
"mraid.presage.io","1607075878233","Presage","Uncategorised"
"networksdk.ssacdn.com","1607075863812","ironSource","Uncategorised"
"outcome-cdn.supersonicads.com","1607076032507","SupersonicAds","Advertising"
"pm-gateway.supersonicads.com","1607076081151","SupersonicAds","Advertising"
"publisher-config.unityads.unity3d.com","1607075868908","Unity Technologies","Uncategorised"
"publisher-event.unityads.unity3d.com","1607076009740","Unity Technologies","Uncategorised"
"px.moatads.com","1607075877312","Moat","Advertising"
"s.update.adsrvr.org","1607075940779","The Trade Desk","FingerprintingGeneral"
"sdk-diagnostics.prd.mz.internal.unity3d.com","1607076084204","Unity Technologies","Uncategorised"
"sdk-events.inner-active.mobi","1607075915556","Fyber","Uncategorised"
"tpc.googlesyndication.com","1607075877532","Google","FingerprintingGeneral"
"tr.blismedia.com","1607075940781","TRACKER_HOSTLIST","Uncategorised"
"track.tenjin.io","1607076082477","TRACKER_HOSTLIST","Uncategorised"
"tracking.prd.mz.internal.unity3d.com","1607076032235","Unity Technologies","Uncategorised"
"us01.rayjump.com","1607075960584","Mobvista","Uncategorised"
"vungle2-cdn-prod.s3.amazonaws.com","1607075878596","Amazon Web Services","Content"
"wins.simharif.com","1607076033108","",""
"wv.inner-active.mobi","1607076084262","Fyber","Uncategorised"
"www.redgifs.com","1607075957558","",""
"ade.googlesyndication.com","1607075870820","Google","FingerprintingGeneral"
"csi.gstatic.com","1607076032955","Google","Content"
"googleads.g.doubleclick.net","1607076032975","Google","FingerprintingGeneral"
"tpc.googlesyndication.com","1607075877685","Google","FingerprintingGeneral"
