"daddr","time","Tracker Name","Tracker Category"
"5aoda0n.track-event.com","1607002751570","",""
"a.applovin.com","1607002956255","Applovin","Advertising"
"ad.doubleclick.net","1607002763657","Google","FingerprintingGeneral"
"ade.googlesyndication.com","1607002951104","Google","FingerprintingGeneral"
"ads.api.vungle.com","1607002392924","Blackstone","Uncategorised"
"ads.eu.criteo.com","1607002612993","Criteo","Advertising"
"adservice.google.com","1607002622454","Google","FingerprintingGeneral"
"ajax.googleapis.com","1607002391816","Google","Content"
"analytics.rayjump.com","1607002671111","Mobvista","Uncategorised"
"app.adjust.com","1607002949190","Adjust","FingerprintingGeneral"
"app.appsflyer.com","1607002390632","AppsFlyer","Advertising"
"assets.applovin.com","1607002395487","Applovin","Advertising"
"assets.dspunion.com","1607002671179","",""
"auction.unityads.unity3d.com","1607002955345","Unity Technologies","Uncategorised"
"auiopt.unityads.unity3d.com","1607002912516","Unity Technologies","Uncategorised"
"aws-fr.bidswitch.net","1607002763113","BidSwitch","Advertising"
"b-api.facebook.com","1607002780541","Facebook","Social"
"c.tpbid.com","1607002830010","TRACKER_HOSTLIST","Uncategorised"
"cat.nl.eu.criteo.com","1607002614000","Criteo","Advertising"
"cdn-creatives-highwinds-prd.unityads.unity3d.com","1607002912545","Unity Technologies","Uncategorised"
"cdn.branch.io","1607002388663","Branch","Analytics"
"cdn.doubleverify.com","1607002840000","DoubleVerify","FingerprintingGeneral"
"cdn.flashtalking.com","1607002764201","Flashtalking","Advertising"
"cdn.jampp.com","1607002870944","TRACKER_HOSTLIST","Uncategorised"
"cdn1.inner-active.mobi","1607002613391","Fyber","Uncategorised"
"cdn2.inner-active.mobi","1607002612860","Fyber","Uncategorised"
"cdnjs.cloudflare.com","1607002851141","Cloudflare","Content"
"cdp.cloud.unity3d.com","1607002937967","Unity Technologies","Uncategorised"
"clients3.google.com","1607002395366","Google","Content"
"cm.g.doubleclick.net","1607002886280","Google","FingerprintingGeneral"
"code.jquery.com","1607002390772","",""
"config.uca.cloud.unity3d.com","1607002384122","Unity Technologies","Uncategorised"
"config.unityads.unity3d.com","1607002388379","Unity Technologies","Uncategorised"
"crashlyticsreports-pa.googleapis.com","1607002392318","Google","Content"
"csi.gstatic.com","1607002392428","Google","Content"
"csm.eu.criteo.net","1607002613543","Criteo","Advertising"
"d9.flashtalking.com","1607002764521","Flashtalking","Advertising"
"data.flurry.com","1607002763456","Yahoo!","Advertising"
"dpm.demdex.net","1607002764525","Adobe","FingerprintingGeneral"
"dt.adsafeprotected.com","1607002800110","Integral Ad Science","Advertising"
"event.inner-active.mobi","1607002901502","Fyber","Uncategorised"
"firebase-settings.crashlytics.com","1607002382819","Google","Analytics"
"firebaseinstallations.googleapis.com","1607002382644","Google","Content"
"firebaseremoteconfig.googleapis.com","1607002388046","Google","Content"
"fvalid.appsflyer.com","1607002851500","AppsFlyer","Advertising"
"fw.adsafeprotected.com","1607002763441","Integral Ad Science","Advertising"
"googleads.g.doubleclick.net","1607002901077","Google","FingerprintingGeneral"
"googleads.g.doubleclick.net","1607002950985","Google","FingerprintingGeneral"
"gote.tpbid.com","1607002830074","",""
"graph.facebook.com","1607002953040","Facebook","Social"
"gum.criteo.com","1607002614130","Criteo","Advertising"
"httpkafka.unityads.unity3d.com","1607002394462","Unity Technologies","Uncategorised"
"iab-imp-gateway.supersonicads.com","1607002781491","SupersonicAds","Advertising"
"imp.control.kochava.com","1607002765064","Kochava","Uncategorised"
"impression.appsflyer.com","1607002870945","AppsFlyer","Advertising"
"init.supersonicads.com","1607002388266","SupersonicAds","Advertising"
"is-gateway.supersonicads.com","1607002848806","SupersonicAds","Advertising"
"lh3.googleusercontent.com","1607002392188","Google","Content"
"logs.supersonic.com","1607002751265","ironSource","Uncategorised"
"mobile.adsafeprotected.com","1607002763957","Integral Ad Science","Advertising"
"networksdk.ssacdn.com","1607002850769","ironSource","Uncategorised"
"newplayable.dspunion.com","1607002670923","",""
"outcome-cdn.supersonicads.com","1607002751496","SupersonicAds","Advertising"
"outcome-ssp.supersonicads.com","1607002785711","SupersonicAds","Advertising"
"ox-rtb-europe-west1.openx.net","1607002900582","OpenX","FingerprintingGeneral"
"pix.eu.criteo.net","1607002613528","Criteo","Advertising"
"pixel-tracking.sonic-us.supersonicads.com","1607002781529","SupersonicAds","Advertising"
"pr.ybp.yahoo.com","1607002763287","Yahoo!","Advertising"
"publisher-config.unityads.unity3d.com","1607002390074","Unity Technologies","Uncategorised"
"publisher-event.unityads.unity3d.com","1607002919134","Unity Technologies","Uncategorised"
"px.moatads.com","1607002388536","Moat","Advertising"
"s0.2mdn.net","1607002763892","Google","FingerprintingGeneral"
"sdk-events.inner-active.mobi","1607002455729","Fyber","Uncategorised"
"static.adsafeprotected.com","1607002763686","Integral Ad Science","Advertising"
"static.criteo.net","1607002613548","Criteo","Advertising"
"static.doubleclick.net","1607002505282","Google","FingerprintingGeneral"
"static.ssacdn.com","1607002850982","ironSource","Uncategorised"
"tags.bluekai.com","1607002764022","BlueKai","FingerprintingGeneral"
"tpc.googlesyndication.com","1607002900846","Google","FingerprintingGeneral"
"tpc.googlesyndication.com","1607002391826","Google","FingerprintingGeneral"
"tps.doubleverify.com","1607002961457","DoubleVerify","FingerprintingGeneral"
"tracking.prd.mz.internal.unity3d.com","1607002919112","Unity Technologies","Uncategorised"
"us01.rayjump.com","1607002814490","Mobvista","Uncategorised"
"view.adjust.com","1607002613992","Adjust","FingerprintingGeneral"
"visitanalytics.userreport.com","1607002839983","",""
"vungle2-cdn-prod.s3.amazonaws.com","1607002390642","Amazon Web Services","Content"
"widget.nl.eu.criteo.com","1607002613497","Criteo","Advertising"
"wv.inner-active.mobi","1607002900824","Fyber","Uncategorised"
"wv.inner-active.mobi","1607002956315","Fyber","Uncategorised"
"ade.googlesyndication.com","1607002901084","Google","FingerprintingGeneral"
"adservice.google.com","1607002613968","Google","FingerprintingGeneral"
"ajax.googleapis.com","1607002505186","Google","Content"
"crashlyticsreports-pa.googleapis.com","1607002395400","Google","Content"
"csi.gstatic.com","1607002837798","Google","Content"
"googleads.g.doubleclick.net","1607002951037","Google","FingerprintingGeneral"
"lh3.googleusercontent.com","1607002635992","Google","Content"
"s0.2mdn.net","1607002900880","Google","FingerprintingGeneral"
"tpc.googlesyndication.com","1607002764917","Google","FingerprintingGeneral"
