"daddr","time","Tracker Name","Tracker Category"
"a.applovin.com","1607006555035","Applovin","Advertising"
"ad.doubleclick.net","1607006582294","Google","FingerprintingGeneral"
"ade.googlesyndication.com","1607006582038","Google","FingerprintingGeneral"
"admarvel.s3.amazonaws.com","1607006579980","Amazon Web Services","Content"
"adrta.com","1607006582448","Pixalate","Uncategorised"
"ads.api.vungle.com","1607006566444","Blackstone","Uncategorised"
"ads.mopub.com","1607006896913","MoPub","Advertising"
"adservice.google.com","1607006581971","Google","FingerprintingGeneral"
"adx.g.doubleclick.net","1607004517809","Google","FingerprintingGeneral"
"ajax.googleapis.com","1607004518077","Google","Content"
"analytics.dspunion.com","1607006100462","TRACKER_HOSTLIST","Uncategorised"
"analytics.rayjump.com","1607006317751","Mobvista","Uncategorised"
"api.gameanalytics.com","1607006894238","Mobvista","Uncategorised"
"api16-access-sg.pangle.io","1607006056022","",""
"assets.dspunion.com","1607006317911","",""
"athena.api.kwalee.com","1607006552312","",""
"auction.unityads.unity3d.com","1607006059355","Unity Technologies","Uncategorised"
"auiopt.unityads.unity3d.com","1607006061227","Unity Technologies","Uncategorised"
"aws-fr.bidswitch.net","1607006579989","BidSwitch","Advertising"
"b-api.facebook.com","1607004494264","Facebook","Social"
"beap-bc.yahoo.com","1607006580840","Yahoo!","Content"
"cache-ssl.celtra.com","1607006556497","Celtra","Uncategorised"
"cdn-creatives-highwinds-prd.unityads.unity3d.com","1607004506032","Unity Technologies","Uncategorised"
"cdn.adrta.com","1607006581405","Pixalate","Uncategorised"
"cdn.branch.io","1607006593856","Branch","Analytics"
"cdn.flashtalking.com","1607006582273","Flashtalking","Advertising"
"cdn.lfstmedia.com","1607004522148","LifeStreet","Advertising"
"cdn2.inner-active.mobi","1607006579884","Fyber","Uncategorised"
"cdp.cloud.unity3d.com","1607006593782","Unity Technologies","Uncategorised"
"click-haproxy.supersonicads.com","1607006896864","SupersonicAds","Advertising"
"code.jquery.com","1607004507288","",""
"config.uca.cloud.unity3d.com","1607006054761","Unity Technologies","Uncategorised"
"config.unityads.unity3d.com","1607006058360","Unity Technologies","Uncategorised"
"connect.tapjoy.com","1607006056083","Tapjoy","Uncategorised"
"consent-form.ogury.co","1607006550337","",""
"consent.youtube.com","1607006307875","Google","Content"
"content.tapjoy.com","1607004498009","Tapjoy","Uncategorised"
"crashlyticsreports-pa.googleapis.com","1607004518378","Google","Content"
"d2kre6881rwtik.cloudfront.net","1607006079701","Amazon.com","Content"
"d9.flashtalking.com","1607006582573","Flashtalking","Advertising"
"dm16-alisg.byteoversea.com","1607006099644","",""
"dpm.demdex.net","1607006582574","Adobe","FingerprintingGeneral"
"dt.adsafeprotected.com","1607006582114","Integral Ad Science","Advertising"
"event.inner-active.mobi","1607006581321","Fyber","Uncategorised"
"firebase-settings.crashlytics.com","1607004489457","Google","Analytics"
"firebaseinstallations.googleapis.com","1607004489142","Google","Content"
"fw.adsafeprotected.com","1607006580842","Integral Ad Science","Advertising"
"googleads.g.doubleclick.net","1607006069675","Google","FingerprintingGeneral"
"graph.facebook.com","1607006893750","Facebook","Social"
"grtb-nj.lfstmedia.com","1607004523998","LifeStreet","Advertising"
"httpkafka.unityads.unity3d.com","1607004503058","Unity Technologies","Uncategorised"
"iab-imp-gateway.supersonicads.com","1607006133953","SupersonicAds","Advertising"
"imp.control.kochava.com","1607006583068","Kochava","Uncategorised"
"init.supersonicads.com","1607006061392","SupersonicAds","Advertising"
"ipv6.adrta.com","1607006582625","Pixalate","Uncategorised"
"is-gateway.supersonicads.com","1607006064946","SupersonicAds","Advertising"
"live-playphoto.servers.kwalee.com","1607006593814","",""
"live.chartboost.com","1607006055169","Chartboost","Advertising"
"logs.supersonic.com","1607006895431","ironSource","Uncategorised"
"mobile.adsafeprotected.com","1607006581889","Integral Ad Science","Advertising"
"mraid.presage.io","1607006140225","Presage","Uncategorised"
"ms-ads-events.presage.io","1607006307387","Presage","Uncategorised"
"networksdk.ssacdn.com","1607006568136","ironSource","Uncategorised"
"newplayable.dspunion.com","1607006581361","",""
"omax.admarvel.com","1607006580982","AdMarvel","Advertising"
"outcome-cdn.supersonicads.com","1607006593970","SupersonicAds","Advertising"
"outcome-ssp.supersonicads.com","1607006064915","SupersonicAds","Advertising"
"p.presage.io","1607006551747","Presage","Uncategorised"
"pad-v3.presage.io","1607006140506","Presage","Uncategorised"
"pix.adrta.com","1607006582228","Pixalate","Uncategorised"
"placements.tapjoy.com","1607006056733","Tapjoy","Uncategorised"
"play.rayjump.com","1607004520689","Mobvista","Uncategorised"
"playable-stats.mindworks-creative.com","1607006118081","",""
"pr.ybp.yahoo.com","1607006580542","Yahoo!","Advertising"
"publisher-config.unityads.unity3d.com","1607006059004","Unity Technologies","Uncategorised"
"px.moatads.com","1607006056554","Moat","Advertising"
"q.adrta.com","1607006579978","Pixalate","Uncategorised"
"resources.presage.io","1607006140853","Presage","Uncategorised"
"rpc.tapjoy.com","1607006894241","Tapjoy","Uncategorised"
"rumcdn.geoedge.be","1607006580154","TRACKER_HOSTLIST","Uncategorised"
"s0.2mdn.net","1607006581916","Google","FingerprintingGeneral"
"sdk-events.inner-active.mobi","1607006143607","Fyber","Uncategorised"
"sf16-muse-va.ibytedtos.com","1607004496727","",""
"static.doubleclick.net","1607004518797","Google","FingerprintingGeneral"
"static.ssacdn.com","1607006568390","ironSource","Uncategorised"
"sy-v1.presage.io","1607006551734","Presage","Uncategorised"
"tags.bluekai.com","1607006582047","BlueKai","FingerprintingGeneral"
"tpc.googlesyndication.com","1607006582049","Google","FingerprintingGeneral"
"track.atom-data.io","1607006895538","ironSource","Uncategorised"
"track.tenjin.com","1607006054789","TRACKER_HOSTLIST","Uncategorised"
"tracking.prd.mz.internal.unity3d.com","1607006564232","Unity Technologies","Uncategorised"
"us01.rayjump.com","1607006317866","Mobvista","Uncategorised"
"v.ssacdn.com","1607006568392","ironSource","Uncategorised"
"ws.tapjoyads.com","1607006056677","Tapjoy","Uncategorised"
"wv.inner-active.mobi","1607006572258","Fyber","Uncategorised"
"ade.googlesyndication.com","1607004610950","Google","FingerprintingGeneral"
"adservice.google.com","1607006581757","Google","FingerprintingGeneral"
"adx.g.doubleclick.net","1607004496874","Google","FingerprintingGeneral"
"googleads.g.doubleclick.net","1607006071394","Google","FingerprintingGeneral"
"pool.ntp.org","1607006055887","",""
"static.doubleclick.net","1607004644423","Google","FingerprintingGeneral"
"tpc.googlesyndication.com","1607006582225","Google","FingerprintingGeneral"
