"daddr","time","Tracker Name","Tracker Category"
"a.applovin.com","1607033325651","Applovin","Advertising"
"aax-eu.amazon-adsystem.com","1607032998918","Amazon.com","Advertising"
"adexp.liftoff.io","1607033144541","Liftoff","Uncategorised"
"ads.inmobi.com","1607033326268","InMobi","Advertising"
"api.onesignal.com","1607033003593","OneSignal","Uncategorised"
"api.safedk.com","1607033057101","TRACKER_HOSTLIST","Uncategorised"
"app.appsflyer.com","1607033050990","AppsFlyer","Advertising"
"assets.applovin.com","1607033103597","Applovin","Advertising"
"assets.mobilegamestats.com","1607033255936","",""
"b-api.facebook.com","1607033298501","Facebook","Social"
"blank","1607033088100","",""
"cdn.branch.io","1607032999778","Branch","Analytics"
"cdn.flashtalking.com","1607033041537","Flashtalking","Advertising"
"cdn2.inner-active.mobi","1607032998402","Fyber","Uncategorised"
"cdp.cloud.unity3d.com","1607033328951","Unity Technologies","Uncategorised"
"code.jquery.com","1607032999404","",""
"config.inmobi.com","1607033299166","InMobi","Advertising"
"config.safedk.com","1607032996554","TRACKER_HOSTLIST","Uncategorised"
"config.uca.cloud.unity3d.com","1607032997690","Unity Technologies","Uncategorised"
"config.unityads.unity3d.com","1607032998590","Unity Technologies","Uncategorised"
"conversions.appsflyer.com","1607033296358","AppsFlyer","Advertising"
"event.inner-active.mobi","1607033137322","Fyber","Uncategorised"
"firebase-settings.crashlytics.com","1607032996584","Google","Analytics"
"firebaseremoteconfig.googleapis.com","1607032997900","Google","Content"
"googleads.g.doubleclick.net","1607032999642","Google","FingerprintingGeneral"
"img.youtube.com","1607032999851","Google","Content"
"impression-east.liftoff.io","1607033136976","Liftoff","Uncategorised"
"inapps.appsflyer.com","1607033298801","AppsFlyer","Advertising"
"init.supersonicads.com","1607032998477","SupersonicAds","Advertising"
"lh3.googleusercontent.com","1607033005141","Google","Content"
"live.chartboost.com","1607033318502","Chartboost","Advertising"
"mads.amazon-adsystem.com","1607032998391","Amazon.com","Advertising"
"networksdk.ssacdn.com","1607032999312","ironSource","Uncategorised"
"res1.applovin.com","1607033174484","Applovin","Advertising"
"sdk-events.inner-active.mobi","1607033322377","Fyber","Uncategorised"
"telemetry.sdk.inmobi.com","1607033328163","InMobi","Advertising"
"woodoku-production.tripledotapi.com","1607033314293","",""
"wv.inner-active.mobi","1607033310829","Fyber","Uncategorised"
