"daddr","time","Tracker Name","Tracker Category"
"5fobajik79.execute-api.us-west-2.amazonaws.com","1606995610117","Amazon Web Services","Content"
"a.applovin.com","1606995907619","Applovin","Advertising"
"adc-ad-assets.adtilt.com","1606995615335","Opera Mediaworks","Uncategorised"
"adc3-launch.adcolony.com","1606995610337","Jirbo","Advertising"
"ade.googlesyndication.com","1606995655669","Google","FingerprintingGeneral"
"ads.api.vungle.com","1606995626016","Blackstone","Uncategorised"
"ads.inmobi.com","1606995908258","InMobi","Advertising"
"ads30.adcolony.com","1606995612540","Jirbo","Advertising"
"adservice.google.com","1606995625284","Google","FingerprintingGeneral"
"analytics.rayjump.com","1606995639064","Mobvista","Uncategorised"
"api.gameanalytics.com","1606995907198","Mobvista","Uncategorised"
"app.adjust.com","1606995788099","Adjust","FingerprintingGeneral"
"assets.applovin.com","1606995797021","Applovin","Advertising"
"assets.dspunion.com","1606995639076","",""
"athena.api.kwalee.com","1606995902918","",""
"auction.unityads.unity3d.com","1606995614923","Unity Technologies","Uncategorised"
"auiopt.unityads.unity3d.com","1606995616676","Unity Technologies","Uncategorised"
"b-api.facebook.com","1606995851603","Facebook","Social"
"bid.tapjoy.com","1606995851215","Tapjoy","Uncategorised"
"blank","1606995689734","",""
"cdn-creatives-highwinds-prd.unityads.unity3d.com","1606995618118","Unity Technologies","Uncategorised"
"cdn-lb.vungle.com","1606995846008","Blackstone","Uncategorised"
"cdn.doubleverify.com","1606995703847","DoubleVerify","FingerprintingGeneral"
"cdn.flashtalking.com","1606995702365","Flashtalking","Advertising"
"cdn.manage.com","1606995811996","Criteo","Uncategorised"
"cdn2.inner-active.mobi","1606995638086","Fyber","Uncategorised"
"cdp.cloud.unity3d.com","1606995909186","Unity Technologies","Uncategorised"
"choices.truste.com","1606995902374","TRUSTe","Content"
"code.jquery.com","1606995611131","",""
"config.inmobi.com","1606995627730","InMobi","Advertising"
"config.uca.cloud.unity3d.com","1606995609759","Unity Technologies","Uncategorised"
"config.unityads.unity3d.com","1606995613546","Unity Technologies","Uncategorised"
"connect.tapjoy.com","1606995610362","Tapjoy","Uncategorised"
"content.tapjoy.com","1606995611481","Tapjoy","Uncategorised"
"crashlyticsreports-pa.googleapis.com","1606995625431","Google","Content"
"csi.gstatic.com","1606995625305","Google","Content"
"d2kre6881rwtik.cloudfront.net","1606995906533","Amazon.com","Content"
"ecommerce.iap.unity3d.com","1606995609690","Unity Technologies","Uncategorised"
"et-eus.w.inmobi.com","1606995735600","InMobi","Advertising"
"event.inner-active.mobi","1606995859427","Fyber","Uncategorised"
"events3.adcolony.com","1606995850732","Jirbo","Advertising"
"events3alt.adcolony.com","1606995613339","Jirbo","Advertising"
"firebase-settings.crashlytics.com","1606995606526","Google","Analytics"
"firebaseinstallations.googleapis.com","1606995606201","Google","Content"
"firebaseremoteconfig.googleapis.com","1606995624875","Google","Content"
"gce-or.bidswitch.net","1606995702610","BidSwitch","Advertising"
"gce-sc.bidswitch.net","1606995842719","BidSwitch","Advertising"
"got.pubnative.net","1606995842720","Media and Games Invest","Uncategorised"
"graph.facebook.com","1606995851969","Facebook","Social"
"gum.criteo.com","1606995811985","Criteo","Advertising"
"gw.geoedge.be","1606995842785","TRACKER_HOSTLIST","Uncategorised"
"httpkafka.unityads.unity3d.com","1606995616643","Unity Technologies","Uncategorised"
"iab-imp-gateway.supersonicads.com","1606995885246","SupersonicAds","Advertising"
"ingest.vungle.com","1606995885730","Blackstone","Uncategorised"
"init.supersonicads.com","1606995609815","SupersonicAds","Advertising"
"k.isprog.com","1606995851743","",""
"lh3.googleusercontent.com","1606995625133","Google","Content"
"live-playphoto.servers.kwalee.com","1606995909216","",""
"live.chartboost.com","1606995909261","Chartboost","Advertising"
"logs.supersonic.com","1606995625221","ironSource","Uncategorised"
"networksdk.ssacdn.com","1606995611137","ironSource","Uncategorised"
"newplayable.dspunion.com","1606995735385","",""
"outcome-cdn.supersonicads.com","1606995850480","SupersonicAds","Advertising"
"outcome-ssp.supersonicads.com","1606995850306","SupersonicAds","Advertising"
"placements.tapjoy.com","1606995612994","Tapjoy","Uncategorised"
"pm-gateway.supersonicads.com","1606995790756","SupersonicAds","Advertising"
"publisher-config.unityads.unity3d.com","1606995614612","Unity Technologies","Uncategorised"
"px.moatads.com","1606995625950","Moat","Advertising"
"rpc.tapjoy.com","1606995610943","Tapjoy","Uncategorised"
"rumcdn.geoedge.be","1606995654917","TRACKER_HOSTLIST","Uncategorised"
"s0.2mdn.net","1606995655535","Google","FingerprintingGeneral"
"s2s.adjust.com","1606995813519","Adjust","FingerprintingGeneral"
"sdk-events.inner-active.mobi","1606995639066","Fyber","Uncategorised"
"staging-us-west.bidswitch.net","1606995734625","BidSwitch","Advertising"
"telemetry.sdk.inmobi.com","1606995765700","InMobi","Advertising"
"tpat.api.vungle.com","1606995886200","Blackstone","Uncategorised"
"tpc.googlesyndication.com","1606995624883","Google","FingerprintingGeneral"
"tps.doubleverify.com","1606995736354","DoubleVerify","FingerprintingGeneral"
"tps20229.doubleverify.com","1606995764259","DoubleVerify","FingerprintingGeneral"
"track.tenjin.com","1606995609637","TRACKER_HOSTLIST","Uncategorised"
"tracking.prd.mz.internal.unity3d.com","1606995903266","Unity Technologies","Uncategorised"
"us01.rayjump.com","1606995875437","Mobvista","Uncategorised"
"videoassets41.blob.core.windows.net","1606995702882","",""
"view.adjust.com","1606995895143","Adjust","FingerprintingGeneral"
"wins.simharif.com","1606995738457","",""
"ws.tapjoyads.com","1606995611009","Tapjoy","Uncategorised"
"wv.inner-active.mobi","1606995905678","Fyber","Uncategorised"
"adservice.google.com","1606995843551","Google","FingerprintingGeneral"
"csi.gstatic.com","1606995626176","Google","Content"
"pool.ntp.org","1606995610295","",""
"s0.2mdn.net","1606995702746","Google","FingerprintingGeneral"
"tpc.googlesyndication.com","1606995655474","Google","FingerprintingGeneral"
