"daddr","time","Tracker Name","Tracker Category"
"adc-ad-assets.adtilt.com","1606856323200","Opera Mediaworks","Uncategorised"
"adc3-launch.adcolony.com","1606856314372","Jirbo","Advertising"
"ads-brand-postback.unityads.unity3d.com","1606856430242","Unity Technologies","Uncategorised"
"ads.api.vungle.com","1606856315367","Blackstone","Uncategorised"
"ads.eu.criteo.com","1606856385937","Criteo","Advertising"
"ads.inmobi.com","1606856605851","InMobi","Advertising"
"ads30.adcolony.com","1606856317326","Jirbo","Advertising"
"ajax.googleapis.com","1606856325828","Google","Content"
"api2.branch.io","1606856597586","Branch","Analytics"
"auction.unityads.unity3d.com","1606856607650","Unity Technologies","Uncategorised"
"auiopt.unityads.unity3d.com","1606856538731","Unity Technologies","Uncategorised"
"b-graph.facebook.com","1606856547110","Facebook","Social"
"b.de.inmobi.com","1606856339368","InMobi","Advertising"
"blank","1606856411540","",""
"cat.nl.eu.criteo.com","1606856393651","Criteo","Advertising"
"cdn-creatives-highwinds-prd.unityads.unity3d.com","1606856519671","Unity Technologies","Uncategorised"
"cdn-f.adsmoloco.com","1606856429644","TRACKER_HOSTLIST","Uncategorised"
"cdn-lb.vungle.com","1606856320961","Blackstone","Uncategorised"
"cdn.liftoff.io","1606856322902","Liftoff","Uncategorised"
"cdp.cloud.unity3d.com","1606856313940","Unity Technologies","Uncategorised"
"clients3.google.com","1606856578329","Google","Content"
"cm.g.doubleclick.net","1606856601814","Google","FingerprintingGeneral"
"code.jquery.com","1606856317228","",""
"config.inmobi.com","1606856327665","InMobi","Advertising"
"config.uca.cloud.unity3d.com","1606856313257","Unity Technologies","Uncategorised"
"config.unityads.unity3d.com","1606856314538","Unity Technologies","Uncategorised"
"connect.facebook.net","1606856509660","Facebook","Social"
"crashlyticsreports-pa.googleapis.com","1606856329066","Google","Content"
"csi.gstatic.com","1606856324125","Google","Content"
"csm.eu.criteo.net","1606856383708","Criteo","Advertising"
"d.applovin.com","1606856609251","Applovin","Advertising"
"dm16-alisg.byteoversea.com","1606856339259","",""
"edge.safedk.com","1606856595725","TRACKER_HOSTLIST","Uncategorised"
"et-eus.w.inmobi.com","1606856370392","InMobi","Advertising"
"events3.adcolony.com","1606856323115","Jirbo","Advertising"
"events3alt.adcolony.com","1606856323106","Jirbo","Advertising"
"external-lht6-1.xx.fbcdn.net","1606856509645","Facebook","Content"
"games-api.ysocorp.com","1606856542452","",""
"googleads.g.doubleclick.net","1606856481342","Google","FingerprintingGeneral"
"graph.facebook.com","1606856612877","Facebook","Social"
"gum.criteo.com","1606856393911","Criteo","Advertising"
"httpkafka.unityads.unity3d.com","1606856335708","Unity Technologies","Uncategorised"
"hwcdn.libsyn.com","1606856369347","",""
"init.supersonicads.com","1606856314445","SupersonicAds","Advertising"
"is-gateway.supersonicads.com","1606856597619","SupersonicAds","Advertising"
"launches.appsflyer.com","1606856544292","AppsFlyer","Advertising"
"lh4.googleusercontent.com","1606856324800","Google","Content"
"logs.supersonic.com","1606856318649","ironSource","Uncategorised"
"ms.applvn.com","1606856490457","AppLovin","Uncategorised"
"networksdk.ssacdn.com","1606856317242","ironSource","Uncategorised"
"outcome-ssp.supersonicads.com","1606856450331","SupersonicAds","Advertising"
"perf-events.cloud.unity3d.com","1606856550168","Unity Technologies","Uncategorised"
"publisher-config.unityads.unity3d.com","1606856315950","Unity Technologies","Uncategorised"
"publisher-event.unityads.unity3d.com","1606856509503","Unity Technologies","Uncategorised"
"px.moatads.com","1606856315256","Moat","Advertising"
"sdk-diagnostics.prd.mz.internal.unity3d.com","1606856608519","Unity Technologies","Uncategorised"
"sf16-muse-va.ibytedtos.com","1606856314450","",""
"static.criteo.net","1606856369746","Criteo","Advertising"
"static.eu.criteo.net","1606856369749","Criteo","Advertising"
"telemetry.sdk.inmobi.com","1606856584474","InMobi","Advertising"
"tpc.googlesyndication.com","1606856325076","Google","FingerprintingGeneral"
"tr-us.adsmoloco.com","1606856430247","TRACKER_HOSTLIST","Uncategorised"
"track.tenjin.com","1606856313319","TRACKER_HOSTLIST","Uncategorised"
"tracking.prd.mz.internal.unity3d.com","1606856524147","Unity Technologies","Uncategorised"
"videoassets41.blob.core.windows.net","1606856369794","",""
"view.adjust.com","1606856429578","Adjust","FingerprintingGeneral"
"vungle2-cdn-prod.s3.amazonaws.com","1606856320688","Amazon Web Services","Content"
"widget.fr.eu.criteo.com","1606856369710","Criteo","Advertising"
"www.gstatic.com","1606856321301","Google","Content"
"ajax.googleapis.com","1606856599666","Google","Content"
"cm.g.doubleclick.net","1606856542330","Google","FingerprintingGeneral"
"crashlyticsreports-pa.googleapis.com","1606856600113","Google","Content"
"csi.gstatic.com","1606856546609","Google","Content"
"googleads.g.doubleclick.net","1606856428069","Google","FingerprintingGeneral"
"lh4.googleusercontent.com","1606856599816","Google","Content"
"tpc.googlesyndication.com","1606856556415","Google","FingerprintingGeneral"
"www.gstatic.com","1606856599742","Google","Content"
