"daddr","time","Tracker Name","Tracker Category"
"a.applovin.com","1607080529207","Applovin","Advertising"
"ade.googlesyndication.com","1607080525206","Google","FingerprintingGeneral"
"adexp.liftoff.io","1607080340835","Liftoff","Uncategorised"
"ads.api.vungle.com","1607080217254","Blackstone","Uncategorised"
"ads.mopub.com","1607080527699","MoPub","Advertising"
"analytics.rayjump.com","1607080222307","Mobvista","Uncategorised"
"api.facebook.com","1607080539350","Facebook","Social"
"api.gameanalytics.com","1607080469320","Mobvista","Uncategorised"
"app.appsflyer.com","1607080381692","AppsFlyer","Advertising"
"assets.applovin.com","1607080530123","Applovin","Advertising"
"auction.unityads.unity3d.com","1607080447327","Unity Technologies","Uncategorised"
"auiopt.unityads.unity3d.com","1607080230436","Unity Technologies","Uncategorised"
"b-api.facebook.com","1607080532679","Facebook","Social"
"blank","1607080297479","",""
"bmedia.justservingfiles.net","1607080237288","TRACKER_HOSTLIST","Uncategorised"
"cache-ssl.celtra.com","1607080227977","Celtra","Uncategorised"
"cdn.branch.io","1607080528856","Branch","Analytics"
"cdn.liftoff.io","1607080218351","Liftoff","Uncategorised"
"cdn2.inner-active.mobi","1607080216533","Fyber","Uncategorised"
"cdp.cloud.unity3d.com","1607080216037","Unity Technologies","Uncategorised"
"code.jquery.com","1607080227826","",""
"config.uca.cloud.unity3d.com","1607080215598","Unity Technologies","Uncategorised"
"config.unityads.unity3d.com","1607080225789","Unity Technologies","Uncategorised"
"configure.rayjump.com","1607080217927","Mobvista","Uncategorised"
"crashlyticsreports-pa.googleapis.com","1607080239931","Google","Content"
"csi.gstatic.com","1607080237183","Google","Content"
"d1tru86qrby720.cloudfront.net","1607080218015","Amazon.com","Content"
"dm16-alisg.byteoversea.com","1607080247767","",""
"firebase-settings.crashlytics.com","1607080215090","Google","Analytics"
"firebaseinstallations.googleapis.com","1607080223812","Google","Content"
"firebaseremoteconfig.googleapis.com","1607080238214","Google","Content"
"httpkafka.unityads.unity3d.com","1607080230401","Unity Technologies","Uncategorised"
"img.youtube.com","1607080268881","Google","Content"
"impression-europe.liftoff.io","1607080340906","Liftoff","Uncategorised"
"init.supersonicads.com","1607080225621","SupersonicAds","Advertising"
"is-gateway.supersonicads.com","1607080228138","SupersonicAds","Advertising"
"lh5.googleusercontent.com","1607080237242","Google","Content"
"live.chartboost.com","1607080216143","Chartboost","Advertising"
"logs.supersonic.com","1607080527146","ironSource","Uncategorised"
"networksdk.ssacdn.com","1607080227840","ironSource","Uncategorised"
"newplayable.dspunion.com","1607080527228","",""
"outcome-ssp.supersonicads.com","1607080446166","SupersonicAds","Advertising"
"publisher-config.unityads.unity3d.com","1607080227153","Unity Technologies","Uncategorised"
"px.moatads.com","1607080219274","Moat","Advertising"
"s2s.adjust.com","1607080477281","Adjust","FingerprintingGeneral"
"tpc.googlesyndication.com","1607080237220","Google","FingerprintingGeneral"
"track.tenjin.com","1607080248222","TRACKER_HOSTLIST","Uncategorised"
"tracking.prd.mz.internal.unity3d.com","1607080527692","Unity Technologies","Uncategorised"
"vungle2-cdn-prod.s3.amazonaws.com","1607080217954","Amazon Web Services","Content"
"ade.googlesyndication.com","1607080524273","Google","FingerprintingGeneral"
"lh5.googleusercontent.com","1607080343725","Google","Content"
