"daddr","time","Tracker Name","Tracker Category"
"a.applovin.com","1606993881069","Applovin","Advertising"
"adclick.g.doubleclick.net","1606993903328","Google","FingerprintingGeneral"
"ade.googlesyndication.com","1606993874353","Google","FingerprintingGeneral"
"ads.api.vungle.com","1606993589395","Blackstone","Uncategorised"
"ads.inmobi.com","1606993899070","InMobi","Advertising"
"ads.mopub.com","1606993869369","MoPub","Advertising"
"ajax.googleapis.com","1606993585961","Google","Content"
"analytics.rayjump.com","1606993905262","Mobvista","Uncategorised"
"assets.applovin.com","1606993658912","Applovin","Advertising"
"auction.unityads.unity3d.com","1606993833075","Unity Technologies","Uncategorised"
"auiopt.unityads.unity3d.com","1606993663850","Unity Technologies","Uncategorised"
"beacon-us-west.rubiconproject.com","1606993592187","RubiconProject","Advertising"
"bid.g.doubleclick.net","1606993624856","Google","FingerprintingGeneral"
"cdn-adn-https.rayjump.com","1606993610119","Mobvista","Uncategorised"
"cdn-creatives-highwinds-prd.unityads.unity3d.com","1606993836433","Unity Technologies","Uncategorised"
"cdn-lb.vungle.com","1606993590213","Blackstone","Uncategorised"
"cdn.flashtalking.com","1606993591943","Flashtalking","Advertising"
"cm.g.doubleclick.net","1606993594560","Google","FingerprintingGeneral"
"code.jquery.com","1606993591829","",""
"collector.lunalabs.io","1606993827031","",""
"config.inmobi.com","1606993847617","InMobi","Advertising"
"config.unityads.unity3d.com","1606993589441","Unity Technologies","Uncategorised"
"configure.rayjump.com","1606993904857","Mobvista","Uncategorised"
"et-eus.w.inmobi.com","1606993592194","InMobi","Advertising"
"firebaseinstallations.googleapis.com","1606993587077","Google","Content"
"gcdsdk.appsflyer.com","1606993592812","AppsFlyer","Advertising"
"googleads.g.doubleclick.net","1606993903650","Google","FingerprintingGeneral"
"httpkafka.unityads.unity3d.com","1606993848225","Unity Technologies","Uncategorised"
"in.appcenter.ms","1606993853409","Microsoft","Uncategorised"
"inapps.appsflyer.com","1606993826791","AppsFlyer","Advertising"
"init.supersonicads.com","1606993588879","SupersonicAds","Advertising"
"is-gateway.supersonicads.com","1606993621702","SupersonicAds","Advertising"
"kinesis.us-east-1.amazonaws.com","1606993847901","Amazon Web Services","Content"
"launches.appsflyer.com","1606993590782","AppsFlyer","Advertising"
"live.chartboost.com","1606993848058","Chartboost","Advertising"
"logs.supersonic.com","1606993612329","ironSource","Uncategorised"
"mb.moatads.com","1606993753315","Moat","Advertising"
"net.rayjump.com","1606993904865","Mobvista","Uncategorised"
"networksdk.ssacdn.com","1606993591857","ironSource","Uncategorised"
"outcome-ssp.supersonicads.com","1606993800807","SupersonicAds","Advertising"
"promo-images.ttpsdk.info","1606993587417","TRACKER_HOSTLIST","Uncategorised"
"publisher-config.unityads.unity3d.com","1606993591029","Unity Technologies","Uncategorised"
"publisher-event.unityads.unity3d.com","1606993840659","Unity Technologies","Uncategorised"
"px.moatads.com","1606993727393","Moat","Advertising"
"s0.2mdn.net","1606993625103","Google","FingerprintingGeneral"
"s2s.adjust.com","1606993668840","Adjust","FingerprintingGeneral"
"sdk-diagnostics.prd.mz.internal.unity3d.com","1606993826447","Unity Technologies","Uncategorised"
"telemetry.sdk.inmobi.com","1606993889668","InMobi","Advertising"
"tpc.googlesyndication.com","1606993623864","Google","FingerprintingGeneral"
"tracking.prd.mz.internal.unity3d.com","1606993905326","Unity Technologies","Uncategorised"
"ttplugins.ttpsdk.info","1606993587450","TRACKER_HOSTLIST","Uncategorised"
"videoassets41.blob.core.windows.net","1606993592361","",""
"ade.googlesyndication.com","1606993872869","Google","FingerprintingGeneral"
"bid.g.doubleclick.net","1606993820827","Google","FingerprintingGeneral"
"googleads.g.doubleclick.net","1606993588207","Google","FingerprintingGeneral"
"s0.2mdn.net","1606993874113","Google","FingerprintingGeneral"
"tpc.googlesyndication.com","1606993873158","Google","FingerprintingGeneral"
"googleads.g.doubleclick.net","1606993903748","Google","FingerprintingGeneral"
