"daddr","time","Tracker Name","Tracker Category"
"ade.googlesyndication.com","1606854782994","Google","FingerprintingGeneral"
"adexp.liftoff.io","1606854937090","Liftoff","Uncategorised"
"ads.api.vungle.com","1606854826106","Blackstone","Uncategorised"
"ads.mopub.com","1606854968549","MoPub","Advertising"
"ads.mopub.com","1606854968707","MoPub","Advertising"
"adservice.google.com","1606854783627","Google","FingerprintingGeneral"
"ajax.googleapis.com","1606854742413","Google","Content"
"analytics.rayjump.com","1606854960355","Mobvista","Uncategorised"
"api-gdpr.voodoo-tech.io","1606854708471","TRACKER_HOSTLIST","Uncategorised"
"api.gameanalytics.com","1606854970707","Mobvista","Uncategorised"
"api2.branch.io","1606854867946","Branch","Analytics"
"app.adjust.com","1606855005606","Adjust","FingerprintingGeneral"
"auction.unityads.unity3d.com","1606854756212","Unity Technologies","Uncategorised"
"auiopt.unityads.unity3d.com","1606854758635","Unity Technologies","Uncategorised"
"b-graph.facebook.com","1606855009583","Facebook","Social"
"bid.g.doubleclick.net","1606854724672","Google","FingerprintingGeneral"
"blank","1606854881989","",""
"cdn-adn-https.rayjump.com","1606854769910","Mobvista","Uncategorised"
"cdn-creatives-highwinds-prd.unityads.unity3d.com","1606854760652","Unity Technologies","Uncategorised"
"cdn-f.adsmoloco.com","1606854776483","TRACKER_HOSTLIST","Uncategorised"
"cdn-lb.vungle.com","1606854827036","Blackstone","Uncategorised"
"cdn.liftoff.io","1606854892808","Liftoff","Uncategorised"
"cdp.cloud.unity3d.com","1606854708511","Unity Technologies","Uncategorised"
"code.jquery.com","1606854761603","",""
"config.uca.cloud.unity3d.com","1606854708178","Unity Technologies","Uncategorised"
"config.unityads.unity3d.com","1606854711763","Unity Technologies","Uncategorised"
"configure.rayjump.com","1606854828690","Mobvista","Uncategorised"
"crashlyticsreports-pa.googleapis.com","1606854764938","Google","Content"
"crosspromo.voodoo.io","1606854708767","TRACKER_HOSTLIST","Uncategorised"
"csi.gstatic.com","1606854764836","Google","Content"
"d.applovin.com","1606855005626","Applovin","Advertising"
"d2br548mr8rnz3.cloudfront.net","1606855005494","Amazon.com","Content"
"d2ium2hn268ivg.cloudfront.net","1606854709821","Amazon.com","Content"
"dt.adsafeprotected.com","1606854852773","Integral Ad Science","Advertising"
"ecommerce.iap.unity3d.com","1606854710178","Unity Technologies","Uncategorised"
"essencedigitalemea2015301593033067.s.moatpixel.com","1606854762857","",""
"firebase-settings.crashlytics.com","1606854706879","Google","Analytics"
"firebaseinstallations.googleapis.com","1606854706750","Google","Content"
"fw.adsafeprotected.com","1606854851882","Integral Ad Science","Advertising"
"geo.moatads.com","1606854834325","Moat","Advertising"
"googleads.g.doubleclick.net","1606854986612","Google","FingerprintingGeneral"
"httpkafka.unityads.unity3d.com","1606854758648","Unity Technologies","Uncategorised"
"imp-lb-us2.jampp.com","1606855005565","",""
"impression-east.liftoff.io","1606854968661","Liftoff","Uncategorised"
"impression.appsflyer.com","1606855005518","AppsFlyer","Advertising"
"init.supersonicads.com","1606854758516","SupersonicAds","Advertising"
"is-gateway.supersonicads.com","1606854761891","SupersonicAds","Advertising"
"lh4.googleusercontent.com","1606854764718","Google","Content"
"live.chartboost.com","1606854959374","Chartboost","Advertising"
"logs.supersonic.com","1606854761680","ironSource","Uncategorised"
"match.adsrvr.org","1606854852929","The Trade Desk","FingerprintingGeneral"
"mobile.adsafeprotected.com","1606854852285","Integral Ad Science","Advertising"
"net.rayjump.com","1606854959934","Mobvista","Uncategorised"
"networksdk.ssacdn.com","1606854761613","ironSource","Uncategorised"
"outcome-ssp.supersonicads.com","1606854957567","SupersonicAds","Advertising"
"p.presage.io","1606854709850","Presage","Uncategorised"
"pad-v3.presage.io","1606854709369","Presage","Uncategorised"
"pdn.applovin.com","1606854792438","Applovin","Advertising"
"pl-v2.presage.io","1606854957920","Presage","Uncategorised"
"publisher-config.unityads.unity3d.com","1606854712916","Unity Technologies","Uncategorised"
"px.moatads.com","1606854926246","Moat","Advertising"
"r2---sn-8pgbpohxqp5-ajts.googlevideo.com","1606854769914","Alphabet","Uncategorised"
"remote-settings-v2.voodoo-tech.io","1606854708184","",""
"rv-gateway.supersonicads.com","1606854761895","SupersonicAds","Advertising"
"s0.2mdn.net","1606854725068","Google","FingerprintingGeneral"
"sdk-diagnostics.prd.mz.internal.unity3d.com","1606854959266","Unity Technologies","Uncategorised"
"static.adsafeprotected.com","1606854724401","Integral Ad Science","Advertising"
"sy-v1.presage.io","1606854957935","Presage","Uncategorised"
"t2.chartboost.com","1606854832852","Chartboost","Advertising"
"tpc.googlesyndication.com","1606854721276","Google","FingerprintingGeneral"
"tr-us.adsmoloco.com","1606854792425","TRACKER_HOSTLIST","Uncategorised"
"track.tenjin.io","1606854949660","TRACKER_HOSTLIST","Uncategorised"
"tracking.prd.mz.internal.unity3d.com","1606854961850","Unity Technologies","Uncategorised"
"view.adjust.com","1606854792104","Adjust","FingerprintingGeneral"
"vs-api.voodoo-tech.io","1606854713788","",""
"www.gstatic.com","1606854764445","Google","Content"
"z.moatads.com","1606854871891","Moat","Advertising"
"ade.googlesyndication.com","1606854709692","Google","FingerprintingGeneral"
"ajax.googleapis.com","1606854764382","Google","Content"
"bid.g.doubleclick.net","1606854852465","Google","FingerprintingGeneral"
"csi.gstatic.com","1606854765776","Google","Content"
"s0.2mdn.net","1606854986313","Google","FingerprintingGeneral"
"tpc.googlesyndication.com","1606854764384","Google","FingerprintingGeneral"
