"daddr","time","Tracker Name","Tracker Category"
"a.applovin.com","1607079951354","Applovin","Advertising"
"acm-cf.amanotes.net","1607079772614","",""
"adc-ad-assets.adtilt.com","1607079659197","Opera Mediaworks","Uncategorised"
"adc3-launch.adcolony.com","1607079655456","Jirbo","Advertising"
"ade.googlesyndication.com","1607079733905","Google","FingerprintingGeneral"
"ads.api.vungle.com","1607079657826","Blackstone","Uncategorised"
"ads.inmobi.com","1607079888056","InMobi","Advertising"
"ads30.adcolony.com","1607079658372","Jirbo","Advertising"
"adx-tk.rayjump.com","1607079792639","Mobvista","Uncategorised"
"analytics.rayjump.com","1607079792538","Mobvista","Uncategorised"
"api-eu.bidmachine.io","1607079789665","",""
"api.facebook.com","1607079647853","Facebook","Social"
"api.gameanalytics.com","1607079898572","Mobvista","Uncategorised"
"app.adjust.com","1607079765904","Adjust","FingerprintingGeneral"
"assets.applovin.com","1607079890608","Applovin","Advertising"
"assets.dspunion.com","1607079665051","",""
"auction.unityads.unity3d.com","1607079935885","Unity Technologies","Uncategorised"
"auiopt.unityads.unity3d.com","1607079935670","Unity Technologies","Uncategorised"
"b-api.facebook.com","1607079955622","Facebook","Social"
"blank","1607079728136","",""
"bmedia.justservingfiles.net","1607079939487","TRACKER_HOSTLIST","Uncategorised"
"c.tpbid.com","1607079741956","TRACKER_HOSTLIST","Uncategorised"
"cache-ssl.celtra.com","1607079883748","Celtra","Uncategorised"
"ccpa.ftyapp.com","1607079650976","",""
"cdn-adn-https.rayjump.com","1607079658917","Mobvista","Uncategorised"
"cdn.branch.io","1607079886582","Branch","Analytics"
"cdn.flashtalking.com","1607079693350","Flashtalking","Advertising"
"cdn.liftoff.io","1607079772151","Liftoff","Uncategorised"
"cdn1.inner-active.mobi","1607079665556","Fyber","Uncategorised"
"cdn2.inner-active.mobi","1607079664973","Fyber","Uncategorised"
"cdp.cloud.unity3d.com","1607079651178","Unity Technologies","Uncategorised"
"code.jquery.com","1607079658096","",""
"config.inmobi.com","1607079662648","InMobi","Advertising"
"config.uca.cloud.unity3d.com","1607079650709","Unity Technologies","Uncategorised"
"config.unityads.unity3d.com","1607079654969","Unity Technologies","Uncategorised"
"configure.rayjump.com","1607079789337","Mobvista","Uncategorised"
"connect.tapjoy.com","1607079655451","Tapjoy","Uncategorised"
"content.tapjoy.com","1607079657322","Tapjoy","Uncategorised"
"crashlyticsreports-pa.googleapis.com","1607079676356","Google","Content"
"csi.gstatic.com","1607079677009","Google","Content"
"d9.flashtalking.com","1607079693583","Flashtalking","Advertising"
"data.ftyapp.com","1607079654525","",""
"de01.rayjump.com","1607079792630","Mobvista","Uncategorised"
"dpm.demdex.net","1607079693585","Adobe","FingerprintingGeneral"
"dsp.mobvista.com","1607079789729","Mobvista","Uncategorised"
"dt.adsafeprotected.com","1607079751399","Integral Ad Science","Advertising"
"edge.safedk.com","1607079949818","TRACKER_HOSTLIST","Uncategorised"
"event.inner-active.mobi","1607079665263","Fyber","Uncategorised"
"events3.adcolony.com","1607079659116","Jirbo","Advertising"
"events3alt.adcolony.com","1607079659118","Jirbo","Advertising"
"firebaseremoteconfig.googleapis.com","1607079674976","Google","Content"
"fk-new-hb.rayjump.com","1607079789342","Mobvista","Uncategorised"
"fw.adsafeprotected.com","1607079692862","Integral Ad Science","Advertising"
"gote.tpbid.com","1607079742001","",""
"httpkafka.unityads.unity3d.com","1607079661519","Unity Technologies","Uncategorised"
"img.youtube.com","1607079788580","Google","Content"
"imp.control.kochava.com","1607079694174","Kochava","Uncategorised"
"impression-europe.liftoff.io","1607079675252","Liftoff","Uncategorised"
"init.supersonicads.com","1607079655453","SupersonicAds","Advertising"
"lh5.googleusercontent.com","1607079675937","Google","Content"
"logs.supersonic.com","1607079661372","ironSource","Uncategorised"
"mobile.adsafeprotected.com","1607079733802","Integral Ad Science","Advertising"
"networksdk.ssacdn.com","1607079658108","ironSource","Uncategorised"
"outcome-ssp.supersonicads.com","1607079671663","SupersonicAds","Advertising"
"placements.tapjoy.com","1607079656614","Tapjoy","Uncategorised"
"publisher-config.unityads.unity3d.com","1607079656660","Unity Technologies","Uncategorised"
"publisher-event.unityads.unity3d.com","1607079931704","Unity Technologies","Uncategorised"
"px.moatads.com","1607079657825","Moat","Advertising"
"rpc.tapjoy.com","1607079769728","Tapjoy","Uncategorised"
"s0.2mdn.net","1607079693087","Google","FingerprintingGeneral"
"s2s.adjust.com","1607079857709","Adjust","FingerprintingGeneral"
"sdk-diagnostics.prd.mz.internal.unity3d.com","1607079949697","Unity Technologies","Uncategorised"
"sdk-events.inner-active.mobi","1607079665308","Fyber","Uncategorised"
"static.adsafeprotected.com","1607079693158","Integral Ad Science","Advertising"
"tags.bluekai.com","1607079693091","BlueKai","FingerprintingGeneral"
"telemetry.sdk.inmobi.com","1607079805343","InMobi","Advertising"
"tpc.googlesyndication.com","1607079657975","Google","FingerprintingGeneral"
"track.tenjin.com","1607079949919","TRACKER_HOSTLIST","Uncategorised"
"track.tenjin.io","1607079880282","TRACKER_HOSTLIST","Uncategorised"
"tracking.prd.mz.internal.unity3d.com","1607079951283","Unity Technologies","Uncategorised"
"us01.rayjump.com","1607079789700","Mobvista","Uncategorised"
"ws.tapjoyads.com","1607079656659","Tapjoy","Uncategorised"
"wv.inner-active.mobi","1607079664944","Fyber","Uncategorised"
"wv.inner-active.mobi","1607079888857","Fyber","Uncategorised"
"ade.googlesyndication.com","1607079880148","Google","FingerprintingGeneral"
"csi.gstatic.com","1607079679452","Google","Content"
"googleads.g.doubleclick.net","1607079950019","Google","FingerprintingGeneral"
"pool.ntp.org","1607079654839","",""
"tpc.googlesyndication.com","1607079675799","Google","FingerprintingGeneral"
