"daddr","time","Tracker Name","Tracker Category"
"a.applovin.com","1607003478479","Applovin","Advertising"
"ade.googlesyndication.com","1607003477012","Google","FingerprintingGeneral"
"ads.api.vungle.com","1607003122711","Blackstone","Uncategorised"
"adservice.google.com","1607003487364","Google","FingerprintingGeneral"
"ajax.googleapis.com","1607003205778","Google","Content"
"analytics.gameguru.mobi","1607003479954","",""
"app.adjust.com","1607003471589","Adjust","FingerprintingGeneral"
"applovin2-eu-imp.aarki.net","1607003289187","",""
"applovin2-imp.aarki.net","1607003264007","",""
"assets.applovin.com","1607003478759","Applovin","Advertising"
"auction.unityads.unity3d.com","1607003134903","Unity Technologies","Uncategorised"
"b-api.facebook.com","1607003413251","Facebook","Social"
"blank","1607003193575","",""
"cdn-creatives-highwinds-prd.unityads.unity3d.com","1607003136890","Unity Technologies","Uncategorised"
"cdn-lb.vungle.com","1607003118996","Blackstone","Uncategorised"
"cdn.branch.io","1607003204670","Branch","Analytics"
"cdn.liftoff.io","1607003354737","Liftoff","Uncategorised"
"cdn2.inner-active.mobi","1607003112326","Fyber","Uncategorised"
"cdp.cloud.unity3d.com","1607003112013","Unity Technologies","Uncategorised"
"code.jquery.com","1607003114216","",""
"config.inmobi.com","1607003126532","InMobi","Advertising"
"config.uca.cloud.unity3d.com","1607003111614","Unity Technologies","Uncategorised"
"config.unityads.unity3d.com","1607003112632","Unity Technologies","Uncategorised"
"crashlyticsreports-pa.googleapis.com","1607003206239","Google","Content"
"csi.gstatic.com","1607003206071","Google","Content"
"edge.safedk.com","1607003471510","TRACKER_HOSTLIST","Uncategorised"
"firebaseinstallations.googleapis.com","1607003107578","Google","Content"
"googleads.g.doubleclick.net","1607003414246","Google","FingerprintingGeneral"
"httpkafka.unityads.unity3d.com","1607003140047","Unity Technologies","Uncategorised"
"iab-imp-gateway.supersonicads.com","1607003354687","SupersonicAds","Advertising"
"imp.control.kochava.com","1607003289270","Kochava","Uncategorised"
"impression.appsflyer.com","1607003309189","AppsFlyer","Advertising"
"init.supersonicads.com","1607003112455","SupersonicAds","Advertising"
"is-gateway.supersonicads.com","1607003144452","SupersonicAds","Advertising"
"lh3.googleusercontent.com","1607003206000","Google","Content"
"logs.supersonic.com","1607003117501","ironSource","Uncategorised"
"networksdk.ssacdn.com","1607003114227","ironSource","Uncategorised"
"newplayable.dspunion.com","1607003277026","",""
"outcome-ssp.supersonicads.com","1607003478147","SupersonicAds","Advertising"
"publisher-config.unityads.unity3d.com","1607003113800","Unity Technologies","Uncategorised"
"publisher-event.unityads.unity3d.com","1607003129442","Unity Technologies","Uncategorised"
"px.moatads.com","1607003117360","Moat","Advertising"
"rm.aarki.net","1607003265093","TRACKER_HOSTLIST","Uncategorised"
"s2s.adjust.com","1607003416063","Adjust","FingerprintingGeneral"
"sdk-diagnostics.prd.mz.internal.unity3d.com","1607003128718","Unity Technologies","Uncategorised"
"spire.aarki.net","1607003114895","TRACKER_HOSTLIST","Uncategorised"
"spt.saygames.io","1607003129459","",""
"telemetry.sdk.inmobi.com","1607003352644","InMobi","Advertising"
"tpc.googlesyndication.com","1607003205776","Google","FingerprintingGeneral"
"tracking.prd.mz.internal.unity3d.com","1607003478032","Unity Technologies","Uncategorised"
"view.adjust.com","1607003263884","Adjust","FingerprintingGeneral"
"wv.inner-active.mobi","1607003477193","Fyber","Uncategorised"
"adservice.google.com","1607003477067","Google","FingerprintingGeneral"
"csi.gstatic.com","1607003478134","Google","Content"
"googleads.g.doubleclick.net","1607003413049","Google","FingerprintingGeneral"
"tpc.googlesyndication.com","1607003205940","Google","FingerprintingGeneral"
