"daddr","time","Tracker Name","Tracker Category"
"ade.googlesyndication.com","1607075436425","Google","FingerprintingGeneral"
"api.facebook.com","1607075577953","Facebook","Social"
"app.adjust.com","1607075585612","Adjust","FingerprintingGeneral"
"auction.unityads.unity3d.com","1607075330931","Unity Technologies","Uncategorised"
"auiopt.unityads.unity3d.com","1607075334710","Unity Technologies","Uncategorised"
"b-api.facebook.com","1607075630966","Facebook","Social"
"bmedia.justservingfiles.net","1607075339602","TRACKER_HOSTLIST","Uncategorised"
"cdp.cloud.unity3d.com","1607075578006","Unity Technologies","Uncategorised"
"config.uca.cloud.unity3d.com","1607075284922","Unity Technologies","Uncategorised"
"config.unityads.unity3d.com","1607075329160","Unity Technologies","Uncategorised"
"crashlyticsreports-pa.googleapis.com","1607075334187","Google","Content"
"csi.gstatic.com","1607075331797","Google","Content"
"firebaseinstallations.googleapis.com","1607075287603","Google","Content"
"firebaseremoteconfig.googleapis.com","1607075331109","Google","Content"
"httpkafka.unityads.unity3d.com","1607075332596","Unity Technologies","Uncategorised"
"ipgeo.pk-live.cn","1607075301651","",""
"lh5.googleusercontent.com","1607075331459","Google","Content"
"publisher-config.unityads.unity3d.com","1607075330270","Unity Technologies","Uncategorised"
"sss.pk-live.cn","1607075285382","",""
"tpc.googlesyndication.com","1607075331147","Google","FingerprintingGeneral"
"ade.googlesyndication.com","1607075572364","Google","FingerprintingGeneral"
"crashlyticsreports-pa.googleapis.com","1607075436084","Google","Content"
"csi.gstatic.com","1607075579401","Google","Content"
"firebaseremoteconfig.googleapis.com","1607075435916","Google","Content"
"lh5.googleusercontent.com","1607075435951","Google","Content"
"tpc.googlesyndication.com","1607075331373","Google","FingerprintingGeneral"
