"daddr","time","Tracker Name","Tracker Category"
"a.applovin.com","1606995106654","Applovin","Advertising"
"adc-ad-assets.adtilt.com","1606994847817","Opera Mediaworks","Uncategorised"
"adc3-launch.adcolony.com","1606995144293","Jirbo","Advertising"
"ade.googlesyndication.com","1606994849666","Google","FingerprintingGeneral"
"ads.api.vungle.com","1606995034695","Blackstone","Uncategorised"
"ads30.adcolony.com","1606994844280","Jirbo","Advertising"
"adservice.google.com","1606995019194","Google","FingerprintingGeneral"
"ajax.googleapis.com","1606994845842","Google","Content"
"app.adjust.com","1606994996596","Adjust","FingerprintingGeneral"
"assets.applovin.com","1606994854645","Applovin","Advertising"
"b-api.facebook.com","1606995115770","Facebook","Social"
"bid.tapjoy.com","1606995114900","Tapjoy","Uncategorised"
"blank","1606994914669","",""
"cdn-lb.vungle.com","1606995035868","Blackstone","Uncategorised"
"cdn2.inner-active.mobi","1606994853097","Fyber","Uncategorised"
"cdp.cloud.unity3d.com","1606995138398","Unity Technologies","Uncategorised"
"choices.truste.com","1606995026222","TRUSTe","Content"
"code.jquery.com","1606994842545","",""
"config.uca.cloud.unity3d.com","1606994840704","Unity Technologies","Uncategorised"
"connect.tapjoy.com","1606994841547","Tapjoy","Uncategorised"
"content.tapjoy.com","1606994844960","Tapjoy","Uncategorised"
"crashlyticsreports-pa.googleapis.com","1606994846597","Google","Content"
"csi.gstatic.com","1606994846760","Google","Content"
"events3.adcolony.com","1606995115286","Jirbo","Advertising"
"firebaseinstallations.googleapis.com","1606994841004","Google","Content"
"googleads.g.doubleclick.net","1606995019129","Google","FingerprintingGeneral"
"graph.facebook.com","1606994930057","Facebook","Social"
"guc-api.sonic-us.supersonicads.com","1606994844168","SupersonicAds","Advertising"
"iab-imp-gateway.supersonicads.com","1606995138178","SupersonicAds","Advertising"
"img.youtube.com","1606995096954","Google","Content"
"impression.appsflyer.com","1606995138633","AppsFlyer","Advertising"
"ingest.vungle.com","1606995081545","Blackstone","Uncategorised"
"init.supersonicads.com","1606994840999","SupersonicAds","Advertising"
"ipinfo.io","1606994842341","",""
"k.isprog.com","1606995039233","",""
"lh3.googleusercontent.com","1606994846484","Google","Content"
"logs.supersonic.com","1606994842696","ironSource","Uncategorised"
"networksdk.ssacdn.com","1606994842552","ironSource","Uncategorised"
"ourcdndata.download","1606994854404","",""
"outcome-cdn.supersonicads.com","1606995114682","SupersonicAds","Advertising"
"outcome-ssp.supersonicads.com","1606995039492","SupersonicAds","Advertising"
"ow-gateway.supersonicads.com","1606994842660","SupersonicAds","Advertising"
"placements.tapjoy.com","1606994842236","Tapjoy","Uncategorised"
"platform.ssacdn.com","1606994843812","ironSource","Uncategorised"
"pm-gateway.supersonicads.com","1606995102583","SupersonicAds","Advertising"
"px.moatads.com","1606995034534","Moat","Advertising"
"rpc.tapjoy.com","1606995083974","Tapjoy","Uncategorised"
"spt.saygames.io","1606995091293","",""
"static.ssacdn.com","1606994843846","ironSource","Uncategorised"
"tpat.api.vungle.com","1606995082014","Blackstone","Uncategorised"
"tpc.googlesyndication.com","1606994845844","Google","FingerprintingGeneral"
"track.tenjin.com","1606995091051","TRACKER_HOSTLIST","Uncategorised"
"wins.simharif.com","1606995115952","",""
"ws.tapjoyads.com","1606994844183","Tapjoy","Uncategorised"
"wv.inner-active.mobi","1606995107785","Fyber","Uncategorised"
"ade.googlesyndication.com","1606995019117","Google","FingerprintingGeneral"
"csi.gstatic.com","1606995020430","Google","Content"
"lh3.googleusercontent.com","1606994848489","Google","Content"
"pool.ntp.org","1606994843397","",""
"tpc.googlesyndication.com","1606994846369","Google","FingerprintingGeneral"
