"daddr","time","Tracker Name","Tracker Category"
"a.applovin.com","1607077020784","Applovin","Advertising"
"aax-eu.amazon-adsystem.com","1607076733267","Amazon.com","Advertising"
"ade.googlesyndication.com","1607076975837","Google","FingerprintingGeneral"
"ads.api.vungle.com","1607076733389","Blackstone","Uncategorised"
"analytics.dspunion.com","1607076946453","TRACKER_HOSTLIST","Uncategorised"
"api.facebook.com","1607077020333","Facebook","Social"
"app.adjust.com","1607076944401","Adjust","FingerprintingGeneral"
"assets.applovin.com","1607076737163","Applovin","Advertising"
"assets.dspunion.com","1607076751216","",""
"auction.unityads.unity3d.com","1607076806970","Unity Technologies","Uncategorised"
"auiopt.unityads.unity3d.com","1607076831269","Unity Technologies","Uncategorised"
"b-api.facebook.com","1607076733218","Facebook","Social"
"blank","1607076812337","",""
"bmedia.justservingfiles.net","1607076810439","TRACKER_HOSTLIST","Uncategorised"
"cache-ssl.celtra.com","1607076861715","Celtra","Uncategorised"
"cdn-lb.vungle.com","1607076734542","Blackstone","Uncategorised"
"cdn.branch.io","1607076968305","Branch","Analytics"
"cdn2.inner-active.mobi","1607076735249","Fyber","Uncategorised"
"cdp.cloud.unity3d.com","1607076734823","Unity Technologies","Uncategorised"
"code.jquery.com","1607076736671","",""
"collect10854wrdcr.deltadna.net","1607076732305","TRACKER_HOSTLIST","Uncategorised"
"config.inmobi.com","1607076920631","InMobi","Advertising"
"config.uca.cloud.unity3d.com","1607076731899","Unity Technologies","Uncategorised"
"config.unityads.unity3d.com","1607076734937","Unity Technologies","Uncategorised"
"consent-form.ogury.co","1607076968430","",""
"crashlyticsreports-pa.googleapis.com","1607076743132","Google","Content"
"csi.gstatic.com","1607076744110","Google","Content"
"edge.safedk.com","1607077014903","TRACKER_HOSTLIST","Uncategorised"
"engage10854wrdcr.deltadna.net","1607076732200","TRACKER_HOSTLIST","Uncategorised"
"event.inner-active.mobi","1607076960824","Fyber","Uncategorised"
"firebaseinstallations.googleapis.com","1607076729387","Google","Content"
"firebaseremoteconfig.googleapis.com","1607076742863","Google","Content"
"googleads.g.doubleclick.net","1607077019964","Google","FingerprintingGeneral"
"httpkafka.unityads.unity3d.com","1607076810457","Unity Technologies","Uncategorised"
"init.supersonicads.com","1607076733709","SupersonicAds","Advertising"
"is-gateway.supersonicads.com","1607076748000","SupersonicAds","Advertising"
"lh5.googleusercontent.com","1607076742874","Google","Content"
"logs.supersonic.com","1607076742989","ironSource","Uncategorised"
"mads.amazon-adsystem.com","1607076732632","Amazon.com","Advertising"
"networksdk.ssacdn.com","1607076736685","ironSource","Uncategorised"
"outcome-ssp.supersonicads.com","1607076734345","SupersonicAds","Advertising"
"play-lh.googleusercontent.com","1607076734959","Google","Content"
"play.rayjump.com","1607076751205","Mobvista","Uncategorised"
"playable-stats.mindworks-creative.com","1607076960977","",""
"publisher-config.unityads.unity3d.com","1607076738232","Unity Technologies","Uncategorised"
"publisher-event.unityads.unity3d.com","1607076801448","Unity Technologies","Uncategorised"
"px.moatads.com","1607076733324","Moat","Advertising"
"r1---sn-8pgbpohxqp5-ajts.googlevideo.com","1607077019537","Alphabet","Uncategorised"
"sdk-events.inner-active.mobi","1607076960979","Fyber","Uncategorised"
"telemetry.sdk.inmobi.com","1607076947561","InMobi","Advertising"
"tpc.googlesyndication.com","1607076742873","Google","FingerprintingGeneral"
"tracking.prd.mz.internal.unity3d.com","1607077018369","Unity Technologies","Uncategorised"
"us01.rayjump.com","1607076961005","Mobvista","Uncategorised"
"wv.inner-active.mobi","1607076751161","Fyber","Uncategorised"
"wv.inner-active.mobi","1607077017624","Fyber","Uncategorised"
"ade.googlesyndication.com","1607076733208","Google","FingerprintingGeneral"
"crashlyticsreports-pa.googleapis.com","1607076744006","Google","Content"
"csi.gstatic.com","1607077000864","Google","Content"
"firebaseremoteconfig.googleapis.com","1607076743558","Google","Content"
"googleads.g.doubleclick.net","1607076858072","Google","FingerprintingGeneral"
"lh5.googleusercontent.com","1607077013017","Google","Content"
"tpc.googlesyndication.com","1607076907205","Google","FingerprintingGeneral"
