"daddr","time","Tracker Name","Tracker Category"
"ads.api.vungle.com","1606857108664","Blackstone","Uncategorised"
"ajax.googleapis.com","1606857083532","Google","Content"
"analytics.mobilegamestats.com","1606857380424","",""
"api.gameanalytics.com","1606857375437","Mobvista","Uncategorised"
"api2.branch.io","1606857286456","Branch","Analytics"
"app.adjust.com","1606857380752","Adjust","FingerprintingGeneral"
"auction.unityads.unity3d.com","1606857369587","Unity Technologies","Uncategorised"
"auiopt.unityads.unity3d.com","1606857230374","Unity Technologies","Uncategorised"
"b-graph.facebook.com","1606857379429","Facebook","Social"
"c.tpbid.com","1606857120579","TRACKER_HOSTLIST","Uncategorised"
"cdn-creatives-highwinds-prd.unityads.unity3d.com","1606857230308","Unity Technologies","Uncategorised"
"cdn-lb.vungle.com","1606857169818","Blackstone","Uncategorised"
"cdn.branch.io","1606857266187","Branch","Analytics"
"cdn.liftoff.io","1606857344481","Liftoff","Uncategorised"
"cdn2.inner-active.mobi","1606857120384","Fyber","Uncategorised"
"cdp.cloud.unity3d.com","1606857078538","Unity Technologies","Uncategorised"
"cm.g.doubleclick.net","1606857295517","Google","FingerprintingGeneral"
"code.jquery.com","1606857079520","",""
"config.mobilegamestats.com","1606857078803","",""
"config.uca.cloud.unity3d.com","1606857078062","Unity Technologies","Uncategorised"
"config.unityads.unity3d.com","1606857081829","Unity Technologies","Uncategorised"
"conversions.appsflyer.com","1606857155794","AppsFlyer","Advertising"
"crashlyticsreports-pa.googleapis.com","1606857084028","Google","Content"
"csi.gstatic.com","1606857083946","Google","Content"
"d.applovin.com","1606857088212","Applovin","Advertising"
"d2br548mr8rnz3.cloudfront.net","1606857087067","Amazon.com","Content"
"d2ium2hn268ivg.cloudfront.net","1606857191982","Amazon.com","Content"
"essencedigitalemea2015301593033067.s.moatpixel.com","1606857098016","",""
"event.inner-active.mobi","1606857120599","Fyber","Uncategorised"
"events.appsflyer.com","1606857366109","AppsFlyer","Advertising"
"gcdsdk.appsflyer.com","1606857081146","AppsFlyer","Advertising"
"geo.moatads.com","1606857097775","Moat","Advertising"
"googleads.g.doubleclick.net","1606857359776","Google","FingerprintingGeneral"
"gotu.tpbid.com","1606857120592","TRACKER_HOSTLIST","Uncategorised"
"graph.facebook.com","1606857075482","Facebook","Social"
"httpkafka.unityads.unity3d.com","1606857084739","Unity Technologies","Uncategorised"
"iab-imp-gateway.supersonicads.com","1606857380065","SupersonicAds","Advertising"
"imp.control.kochava.com","1606857120582","Kochava","Uncategorised"
"ingest.vungle.com","1606857270733","Blackstone","Uncategorised"
"init.supersonicads.com","1606857078231","SupersonicAds","Advertising"
"lh4.googleusercontent.com","1606857086316","Google","Content"
"logs.supersonic.com","1606857078573","ironSource","Uncategorised"
"networksdk.ssacdn.com","1606857079533","ironSource","Uncategorised"
"outcome-cdn.supersonicads.com","1606857344681","SupersonicAds","Advertising"
"outcome-ssp.supersonicads.com","1606857345621","SupersonicAds","Advertising"
"perf-events.cloud.unity3d.com","1606857094825","Unity Technologies","Uncategorised"
"pm-gateway.supersonicads.com","1606857366988","SupersonicAds","Advertising"
"publisher-config.unityads.unity3d.com","1606857082914","Unity Technologies","Uncategorised"
"publisher-event.unityads.unity3d.com","1606857220305","Unity Technologies","Uncategorised"
"px.moatads.com","1606857218515","Moat","Advertising"
"s0.2mdn.net","1606857094598","Google","FingerprintingGeneral"
"sdk-events.inner-active.mobi","1606857120658","Fyber","Uncategorised"
"tpat.api.vungle.com","1606857157784","Blackstone","Uncategorised"
"tpc.googlesyndication.com","1606857083535","Google","FingerprintingGeneral"
"tracking.prd.mz.internal.unity3d.com","1606857337758","Unity Technologies","Uncategorised"
"view.adjust.com","1606857380890","Adjust","FingerprintingGeneral"
"wins.simharif.com","1606857345180","",""
"wv.inner-active.mobi","1606857368479","Fyber","Uncategorised"
"z.moatads.com","1606857108400","Moat","Advertising"
"ajax.googleapis.com","1606857094998","Google","Content"
"cm.g.doubleclick.net","1606857285115","Google","FingerprintingGeneral"
"csi.gstatic.com","1606857343260","Google","Content"
"lh4.googleusercontent.com","1606857282216","Google","Content"
"s0.2mdn.net","1606857094836","Google","FingerprintingGeneral"
"tpc.googlesyndication.com","1606857282185","Google","FingerprintingGeneral"
