"daddr","time","Tracker Name","Tracker Category"
"a.applovin.com","1607085508483","Applovin","Advertising"
"acm-cf.amanotes.net","1607085380620","",""
"ade.googlesyndication.com","1607085208081","Google","FingerprintingGeneral"
"adx.g.doubleclick.net","1607085207732","Google","FingerprintingGeneral"
"api.facebook.com","1607085190155","Facebook","Social"
"api.gameanalytics.com","1607085498710","Mobvista","Uncategorised"
"assets.applovin.com","1607085512200","Applovin","Advertising"
"auction.unityads.unity3d.com","1607085472010","Unity Technologies","Uncategorised"
"auiopt.unityads.unity3d.com","1607085496107","Unity Technologies","Uncategorised"
"b-api.facebook.com","1607085512136","Facebook","Social"
"banner-gateway.supersonicads.com","1607085261803","SupersonicAds","Advertising"
"bmedia.justservingfiles.net","1607085474828","TRACKER_HOSTLIST","Uncategorised"
"cdn.branch.io","1607085514651","Branch","Analytics"
"cdp.cloud.unity3d.com","1607085193047","Unity Technologies","Uncategorised"
"click-haproxy.supersonicads.com","1607085514924","SupersonicAds","Advertising"
"code.jquery.com","1607085195584","",""
"config.uca.cloud.unity3d.com","1607085192725","Unity Technologies","Uncategorised"
"config.unityads.unity3d.com","1607085194617","Unity Technologies","Uncategorised"
"consent-form.ogury.co","1607085379588","",""
"crashlyticsreports-pa.googleapis.com","1607085207538","Google","Content"
"csi.gstatic.com","1607085207196","Google","Content"
"firebaseremoteconfig.googleapis.com","1607085207163","Google","Content"
"httpkafka.unityads.unity3d.com","1607085474852","Unity Technologies","Uncategorised"
"iab-imp-gateway.supersonicads.com","1607085511712","SupersonicAds","Advertising"
"init.supersonicads.com","1607085194104","SupersonicAds","Advertising"
"lh3.googleusercontent.com","1607085207232","Google","Content"
"logs.supersonic.com","1607085261733","ironSource","Uncategorised"
"mraid.presage.io","1607085350336","Presage","Uncategorised"
"networksdk.ssacdn.com","1607085262838","ironSource","Uncategorised"
"outcome-cdn.supersonicads.com","1607085511939","SupersonicAds","Advertising"
"outcome-ssp.supersonicads.com","1607085497986","SupersonicAds","Advertising"
"platform.ssacdn.com","1607085265987","ironSource","Uncategorised"
"pm-gateway.supersonicads.com","1607085507559","SupersonicAds","Advertising"
"publisher-config.unityads.unity3d.com","1607085195823","Unity Technologies","Uncategorised"
"publisher-event.unityads.unity3d.com","1607085496157","Unity Technologies","Uncategorised"
"sdk-diagnostics.prd.mz.internal.unity3d.com","1607085359335","Unity Technologies","Uncategorised"
"tpc.googlesyndication.com","1607085207153","Google","FingerprintingGeneral"
"track.tenjin.com","1607085498066","TRACKER_HOSTLIST","Uncategorised"
"tracking.prd.mz.internal.unity3d.com","1607085508410","Unity Technologies","Uncategorised"
"wins.simharif.com","1607085512316","",""
"ade.googlesyndication.com","1607085250836","Google","FingerprintingGeneral"
