"daddr","time","Tracker Name","Tracker Category"
"api.facebook.com","1607077432263","Facebook","Social"
"api.mixpanel.com","1607077471274","Mixpanel","Analytics"
"assets.mobilegamestats.com","1607077423486","",""
"conversions.appsflyer.com","1607077186801","AppsFlyer","Advertising"
"firebase-settings.crashlytics.com","1607077183693","Google","Analytics"
"firebaseinstallations.googleapis.com","1607077183445","Google","Content"
"gcdsdk.appsflyer.com","1607077187008","AppsFlyer","Advertising"
"register.appsflyer.com","1607077187007","AppsFlyer","Advertising"
"static.moonactive.net","1607077453342","",""
"vik-analytics.moonactive.net","1607077350532","",""
"vik-game.moonactive.net","1607077397191","",""
