"daddr","time","Tracker Name","Tracker Category"
"a.applovin.com","1607032858030","Applovin","Advertising"
"adc-ad-assets.adtilt.com","1607032565490","Opera Mediaworks","Uncategorised"
"adc3-launch.adcolony.com","1607032862122","Jirbo","Advertising"
"ade.googlesyndication.com","1607032572781","Google","FingerprintingGeneral"
"ads.api.vungle.com","1607032559372","Blackstone","Uncategorised"
"ads.nexage.com","1607032559003","Nexage","Advertising"
"ads30.adcolony.com","1607032563452","Jirbo","Advertising"
"ajax.googleapis.com","1607032571873","Google","Content"
"api.safedk.com","1607032860742","TRACKER_HOSTLIST","Uncategorised"
"app.appsflyer.com","1607032570325","AppsFlyer","Advertising"
"auction.unityads.unity3d.com","1607032864239","Unity Technologies","Uncategorised"
"b-api.facebook.com","1607032860022","Facebook","Social"
"bid.g.doubleclick.net","1607032572331","Google","FingerprintingGeneral"
"blank","1607032633816","",""
"cdn-creatives-highwinds-prd.unityads.unity3d.com","1607032569530","Unity Technologies","Uncategorised"
"cdn-lb.vungle.com","1607032560388","Blackstone","Uncategorised"
"cdn.liftoff.io","1607032579438","Liftoff","Uncategorised"
"cdn2.inner-active.mobi","1607032558931","Fyber","Uncategorised"
"cm.g.doubleclick.net","1607032588862","Google","FingerprintingGeneral"
"code.jquery.com","1607032562535","",""
"collect10854wrdcr.deltadna.net","1607032749678","TRACKER_HOSTLIST","Uncategorised"
"config.inmobi.com","1607032570573","InMobi","Advertising"
"config.safedk.com","1607032556788","TRACKER_HOSTLIST","Uncategorised"
"config.unityads.unity3d.com","1607032559167","Unity Technologies","Uncategorised"
"connect.tapjoy.com","1607032567470","Tapjoy","Uncategorised"
"conversions.appsflyer.com","1607032858611","AppsFlyer","Advertising"
"crashlyticsreports-pa.googleapis.com","1607032572894","Google","Content"
"csi.gstatic.com","1607032572711","Google","Content"
"engage10854wrdcr.deltadna.net","1607032568896","TRACKER_HOSTLIST","Uncategorised"
"events3.adcolony.com","1607032564496","Jirbo","Advertising"
"firebase-settings.crashlytics.com","1607032556999","Google","Analytics"
"firebaseinstallations.googleapis.com","1607032568604","Google","Content"
"fw.adsafeprotected.com","1607032578424","Integral Ad Science","Advertising"
"gcdsdk.appsflyer.com","1607032569341","AppsFlyer","Advertising"
"graph.facebook.com","1607032556997","Facebook","Social"
"httpkafka.unityads.unity3d.com","1607032858469","Unity Technologies","Uncategorised"
"inapps.appsflyer.com","1607032589803","AppsFlyer","Advertising"
"init.supersonicads.com","1607032559065","SupersonicAds","Advertising"
"lh3.googleusercontent.com","1607032572731","Google","Content"
"logs.supersonic.com","1607032577440","ironSource","Uncategorised"
"networksdk.ssacdn.com","1607032562546","ironSource","Uncategorised"
"outcome-cdn.supersonicads.com","1607032793053","SupersonicAds","Advertising"
"outcome-ssp.supersonicads.com","1607032559555","SupersonicAds","Advertising"
"peoplefun.helpshift.com","1607032858278","",""
"placements.tapjoy.com","1607032568085","Tapjoy","Uncategorised"
"publisher-config.unityads.unity3d.com","1607032560458","Unity Technologies","Uncategorised"
"publisher-event.unityads.unity3d.com","1607032858649","Unity Technologies","Uncategorised"
"px.moatads.com","1607032560274","Moat","Advertising"
"register.appsflyer.com","1607032569462","AppsFlyer","Advertising"
"rpc.tapjoy.com","1607032861439","Tapjoy","Uncategorised"
"s0.2mdn.net","1607032574904","Google","FingerprintingGeneral"
"sdk-diagnostics.prd.mz.internal.unity3d.com","1607032858097","Unity Technologies","Uncategorised"
"service.cmp.oath.com","1607032558911","Verizon Communications","Uncategorised"
"static.adsafeprotected.com","1607032578377","Integral Ad Science","Advertising"
"telemetry.sdk.inmobi.com","1607032589033","InMobi","Advertising"
"tpc.googlesyndication.com","1607032572006","Google","FingerprintingGeneral"
"tracking.prd.mz.internal.unity3d.com","1607032858113","Unity Technologies","Uncategorised"
"word-cross.appspot.com","1607032851088","",""
"ws.tapjoyads.com","1607032673056","Tapjoy","Uncategorised"
"wv.inner-active.mobi","1607032579959","Fyber","Uncategorised"
"www.tapresearch.com","1607032559050","TRACKER_HOSTLIST","Uncategorised"
"ade.googlesyndication.com","1607032818633","Google","FingerprintingGeneral"
"csi.gstatic.com","1607032581918","Google","Content"
"lh3.googleusercontent.com","1607032581951","Google","Content"
"pool.ntp.org","1607032567307","",""
"s0.2mdn.net","1607032574599","Google","FingerprintingGeneral"
"tpc.googlesyndication.com","1607032572530","Google","FingerprintingGeneral"
