"daddr","time","Tracker Name","Tracker Category"
"a.applovin.com","1606993324140","Applovin","Advertising"
"a.gjg.io","1606992920919","",""
"ab.gjg-tech.io","1606992921147","",""
"ads.api.vungle.com","1606992924353","Blackstone","Uncategorised"
"ads.mopub.com","1606993289505","MoPub","Advertising"
"app.adjust.com","1606993270434","Adjust","FingerprintingGeneral"
"app.appsflyer.com","1606992929884","AppsFlyer","Advertising"
"auction.unityads.unity3d.com","1606993243634","Unity Technologies","Uncategorised"
"auiopt.unityads.unity3d.com","1606993267989","Unity Technologies","Uncategorised"
"b-api.facebook.com","1606993256576","Facebook","Social"
"cdn-creatives-highwinds-prd.unityads.unity3d.com","1606993248355","Unity Technologies","Uncategorised"
"cdn-lb.vungle.com","1606992925586","Blackstone","Uncategorised"
"cdn2.inner-active.mobi","1606992923622","Fyber","Uncategorised"
"cdp.cloud.unity3d.com","1606992918829","Unity Technologies","Uncategorised"
"code.jquery.com","1606992948115","",""
"config.uca.cloud.unity3d.com","1606992918229","Unity Technologies","Uncategorised"
"config.unityads.unity3d.com","1606992928191","Unity Technologies","Uncategorised"
"dm16-alisg.byteoversea.com","1606992951112","",""
"firebase-settings.crashlytics.com","1606992917547","Google","Analytics"
"firebaseinstallations.googleapis.com","1606992917373","Google","Content"
"firebaseremoteconfig.googleapis.com","1606992918583","Google","Content"
"googleads.g.doubleclick.net","1606992923487","Google","FingerprintingGeneral"
"graph.facebook.com","1606993290572","Facebook","Social"
"hbsdk-config.log.smaato.net","1606992934383","Spearhead Integrated Marketing Communication","Uncategorised"
"httpkafka.unityads.unity3d.com","1606993284202","Unity Technologies","Uncategorised"
"init.supersonicads.com","1606992946652","SupersonicAds","Advertising"
"is-gateway.supersonicads.com","1606993102337","SupersonicAds","Advertising"
"logs.supersonic.com","1606992948273","ironSource","Uncategorised"
"networksdk.ssacdn.com","1606993293188","ironSource","Uncategorised"
"outcome-ssp.supersonicads.com","1606993289258","SupersonicAds","Advertising"
"pad-v3.presage.io","1606993219234","Presage","Uncategorised"
"pl-v2.presage.io","1606993290140","Presage","Uncategorised"
"publisher-config.unityads.unity3d.com","1606992931715","Unity Technologies","Uncategorised"
"publisher-event.unityads.unity3d.com","1606993238163","Unity Technologies","Uncategorised"
"px.moatads.com","1606992924199","Moat","Advertising"
"rv-gateway.supersonicads.com","1606992948262","SupersonicAds","Advertising"
"sdk-hb-cfg.smaato.net","1606992933338","Spearhead Integrated Marketing Communication","Uncategorised"
"sdk-monitoring.ogury.co","1606993219231","",""
"sf16-muse-va.ibytedtos.com","1606992923610","",""
"static.ssacdn.com","1606993293509","ironSource","Uncategorised"
"sy-v1.presage.io","1606993290158","Presage","Uncategorised"
"tracking.prd.mz.internal.unity3d.com","1606993289492","Unity Technologies","Uncategorised"
"v.ssacdn.com","1606993293480","ironSource","Uncategorised"
"vungle2-cdn-prod.s3.amazonaws.com","1606992928578","Amazon Web Services","Content"
"wv.inner-active.mobi","1606993290933","Fyber","Uncategorised"
"googleads.g.doubleclick.net","1606992923874","Google","FingerprintingGeneral"
"dns.google","1606992931266","",""
