"daddr","time","Tracker Name","Tracker Category"
"a.applovin.com","1606992444566","Applovin","Advertising"
"ade.googlesyndication.com","1606992205921","Google","FingerprintingGeneral"
"ads.api.vungle.com","1606992100607","Blackstone","Uncategorised"
"ads.eu.criteo.com","1606992357326","Criteo","Advertising"
"ads.mopub.com","1606992109458","MoPub","Advertising"
"ads.mopub.com","1606992420931","MoPub","Advertising"
"analytics.rayjump.com","1606992388178","Mobvista","Uncategorised"
"api-gdpr.voodoo-tech.io","1606992095839","TRACKER_HOSTLIST","Uncategorised"
"api.gameanalytics.com","1606992394538","Mobvista","Uncategorised"
"app.adjust.com","1606992411600","Adjust","FingerprintingGeneral"
"assets.applovin.com","1606992391952","Applovin","Advertising"
"assets.dspunion.com","1606992108352","",""
"auction.unityads.unity3d.com","1606992200509","Unity Technologies","Uncategorised"
"auiopt.unityads.unity3d.com","1606992203581","Unity Technologies","Uncategorised"
"b-api.facebook.com","1606992397359","Facebook","Social"
"c.tpbid.com","1606992246970","TRACKER_HOSTLIST","Uncategorised"
"cat.nl.eu.criteo.com","1606992357832","Criteo","Advertising"
"cdn-adn-https.rayjump.com","1606992122587","Mobvista","Uncategorised"
"cdn-creatives-highwinds-prd.unityads.unity3d.com","1606992203586","Unity Technologies","Uncategorised"
"cdn-lb.vungle.com","1606992107670","Blackstone","Uncategorised"
"cdp.cloud.unity3d.com","1606992096436","Unity Technologies","Uncategorised"
"code.jquery.com","1606992115098","",""
"config.uca.cloud.unity3d.com","1606992095823","Unity Technologies","Uncategorised"
"config.unityads.unity3d.com","1606992101735","Unity Technologies","Uncategorised"
"configure.rayjump.com","1606992127034","Mobvista","Uncategorised"
"connect.tapjoy.com","1606992097226","Tapjoy","Uncategorised"
"content.tapjoy.com","1606992098263","Tapjoy","Uncategorised"
"crosspromo.voodoo.io","1606992096336","TRACKER_HOSTLIST","Uncategorised"
"csm.eu.criteo.net","1606992357671","Criteo","Advertising"
"d2br548mr8rnz3.cloudfront.net","1606992397704","Amazon.com","Content"
"d2ium2hn268ivg.cloudfront.net","1606992098319","Amazon.com","Content"
"dsp.mobvista.com","1606992423137","Mobvista","Uncategorised"
"ecommerce.iap.unity3d.com","1606992095903","Unity Technologies","Uncategorised"
"firebase-settings.crashlytics.com","1606992094478","Google","Analytics"
"firebaseinstallations.googleapis.com","1606992092412","Google","Content"
"googleads.g.doubleclick.net","1606992205727","Google","FingerprintingGeneral"
"gotu.tpbid.com","1606992248209","TRACKER_HOSTLIST","Uncategorised"
"graph.facebook.com","1606992095981","Facebook","Social"
"gum.criteo.com","1606992358011","Criteo","Advertising"
"httpkafka.unityads.unity3d.com","1606992104600","Unity Technologies","Uncategorised"
"img.youtube.com","1606992444747","Google","Content"
"imp-al-eu.jampp.com","1606992397758","",""
"imp-lb-us2.jampp.com","1606992130232","",""
"imp.control.kochava.com","1606992247041","Kochava","Uncategorised"
"impression.appsflyer.com","1606992397706","AppsFlyer","Advertising"
"init.supersonicads.com","1606992108999","SupersonicAds","Advertising"
"is-gateway.supersonicads.com","1606992115332","SupersonicAds","Advertising"
"launches.appsflyer.com","1606992413730","AppsFlyer","Advertising"
"live.chartboost.com","1606992382899","Chartboost","Advertising"
"logs.supersonic.com","1606992115232","ironSource","Uncategorised"
"net.rayjump.com","1606992387779","Mobvista","Uncategorised"
"networksdk.ssacdn.com","1606992115110","ironSource","Uncategorised"
"newplayable.dspunion.com","1606992115335","",""
"outcome-ssp.supersonicads.com","1606992382666","SupersonicAds","Advertising"
"pad-v3.presage.io","1606992097114","Presage","Uncategorised"
"pl-v2.presage.io","1606992390770","Presage","Uncategorised"
"placements.tapjoy.com","1606992097828","Tapjoy","Uncategorised"
"publisher-config.unityads.unity3d.com","1606992103896","Unity Technologies","Uncategorised"
"publisher-event.unityads.unity3d.com","1606992195019","Unity Technologies","Uncategorised"
"px.moatads.com","1606992100562","Moat","Advertising"
"rpc.tapjoy.com","1606992417721","Tapjoy","Uncategorised"
"s2s.adjust.com","1606992361872","Adjust","FingerprintingGeneral"
"static.criteo.net","1606992357667","Criteo","Advertising"
"static.eu.criteo.net","1606992357627","Criteo","Advertising"
"sy-v1.presage.io","1606992390784","Presage","Uncategorised"
"track.tenjin.com","1606992411604","TRACKER_HOSTLIST","Uncategorised"
"tracking.prd.mz.internal.unity3d.com","1606992386967","Unity Technologies","Uncategorised"
"us01.rayjump.com","1606992423180","Mobvista","Uncategorised"
"view.adjust.com","1606992357668","Adjust","FingerprintingGeneral"
"widget.nl.eu.criteo.com","1606992357613","Criteo","Advertising"
"ws.tapjoyads.com","1606992097819","Tapjoy","Uncategorised"
"googleads.g.doubleclick.net","1606992097391","Google","FingerprintingGeneral"
"pool.ntp.org","1606992097098","",""
