"daddr","time","Tracker Name","Tracker Category"
"app.adjust.com","1606855342414","Adjust","FingerprintingGeneral"
"bubblegum-games.helpshift.com","1606855334233","",""
"cdp.cloud.unity3d.com","1606855334337","Unity Technologies","Uncategorised"
"config.uca.cloud.unity3d.com","1606855333842","Unity Technologies","Uncategorised"
"d.applovin.com","1606855335935","Applovin","Advertising"
"d176cnq6fgpuik.cloudfront.net","1606855452993","Amazon.com","Content"
"ecommerce.iap.unity3d.com","1606855352882","Unity Technologies","Uncategorised"
"firebase-settings.crashlytics.com","1606855332732","Google","Analytics"
"firebaseinstallations.googleapis.com","1606855332543","Google","Content"
"firebaseremoteconfig.googleapis.com","1606855340867","Google","Content"
"game.pmosvc.io","1606855336869","",""
"graph.facebook.com","1606855332657","Facebook","Social"
"s3.amazonaws.com","1606855334845","Amazon Web Services","Content"
"track.pmosvc.io","1606855335709","",""
