"daddr","time","Tracker Name","Tracker Category"
"ajax.googleapis.com","1607012352372","Google","Content"
"apis.roblox.com","1607012456076","",""
"c.evidon.com","1607012353632","Crownpeak","Uncategorised"
"c2.rbxcdn.com","1607012516983","",""
"c5.rbxcdn.com","1607012632728","",""
"c6.rbxcdn.com","1607012506515","",""
"cdn-lb.vungle.com","1607012458474","Blackstone","Uncategorised"
"cdn.jsdelivr.net","1607012352371","",""
"clientsettingscdn.roblox.com","1607012562398","",""
"config.unityads.unity3d.com","1607012628129","Unity Technologies","Uncategorised"
"consent.youtube.com","1607012353630","Google","Content"
"conversions.appsflyer.com","1607012338962","AppsFlyer","Advertising"
"crashlyticsreports-pa.googleapis.com","1607012353790","Google","Content"
"en.help.roblox.com","1607012353043","",""
"ephemeralcounters.api.roblox.com","1607012681882","",""
"gcdsdk.appsflyer.com","1607012339154","AppsFlyer","Advertising"
"inapps.appsflyer.com","1607012457875","AppsFlyer","Advertising"
"l.evidon.com","1607012354730","Crownpeak","Uncategorised"
"realtime.roblox.com","1607012494099","",""
"roblox-api.arkoselabs.com","1607012454202","",""
"static.zdassets.com","1607012353865","",""
"128.116.36.6","1607012494761","",""
"consent.youtube.com","1607012354593","Google","Content"
