"daddr","time","Tracker Name","Tracker Category"
"a.applovin.com","1607033661461","Applovin","Advertising"
"adclick.g.doubleclick.net","1607033658555","Google","FingerprintingGeneral"
"ads.api.vungle.com","1607033672269","Blackstone","Uncategorised"
"ads.eu.criteo.com","1607033935780","Criteo","Advertising"
"analytics.mobilegamestats.com","1607033818013","",""
"api.gameanalytics.com","1607033985578","Mobvista","Uncategorised"
"app.appsflyer.com","1607033684347","AppsFlyer","Advertising"
"assets.applovin.com","1607033662320","Applovin","Advertising"
"assets.mobilegamestats.com","1607033917628","",""
"auction.unityads.unity3d.com","1607033989422","Unity Technologies","Uncategorised"
"auiopt.unityads.unity3d.com","1607033933885","Unity Technologies","Uncategorised"
"b-api.facebook.com","1607033938919","Facebook","Social"
"cat.fr.eu.criteo.com","1607033937826","Criteo","Advertising"
"cdn-creatives-highwinds-prd.unityads.unity3d.com","1607033934172","Unity Technologies","Uncategorised"
"cdn.branch.io","1607033939448","Branch","Analytics"
"cdn2.inner-active.mobi","1607033683735","Fyber","Uncategorised"
"cdp.cloud.unity3d.com","1607033655066","Unity Technologies","Uncategorised"
"code.jquery.com","1607033656415","",""
"config.mobilegamestats.com","1607033659259","",""
"config.uca.cloud.unity3d.com","1607033654556","Unity Technologies","Uncategorised"
"config.unityads.unity3d.com","1607033658722","Unity Technologies","Uncategorised"
"conversions.appsflyer.com","1607033683194","AppsFlyer","Advertising"
"csm.eu.criteo.net","1607033938882","Criteo","Advertising"
"event.inner-active.mobi","1607033957945","Fyber","Uncategorised"
"gcdsdk.appsflyer.com","1607033655343","AppsFlyer","Advertising"
"graph.facebook.com","1607033650681","Facebook","Social"
"gum.criteo.com","1607033937667","Criteo","Advertising"
"httpkafka.unityads.unity3d.com","1607033923986","Unity Technologies","Uncategorised"
"iab-imp-gateway.supersonicads.com","1607033984011","SupersonicAds","Advertising"
"impression-east.liftoff.io","1607033683951","Liftoff","Uncategorised"
"impression.appsflyer.com","1607033949381","AppsFlyer","Advertising"
"inapps.appsflyer.com","1607033976910","AppsFlyer","Advertising"
"init.supersonicads.com","1607033655193","SupersonicAds","Advertising"
"k.isprog.com","1607033939234","",""
"mraid.presage.io","1607033936432","Presage","Uncategorised"
"networksdk.ssacdn.com","1607033656425","ironSource","Uncategorised"
"outcome-cdn.supersonicads.com","1607033754318","SupersonicAds","Advertising"
"outcome-ssp.supersonicads.com","1607033755414","SupersonicAds","Advertising"
"pix.eu.criteo.net","1607033936766","Criteo","Advertising"
"pm-gateway.supersonicads.com","1607033934013","SupersonicAds","Advertising"
"publisher-config.unityads.unity3d.com","1607033659648","Unity Technologies","Uncategorised"
"publisher-event.unityads.unity3d.com","1607033984059","Unity Technologies","Uncategorised"
"px.moatads.com","1607033672091","Moat","Advertising"
"report.appmetrica.yandex.net","1607033933641","Yandex","Uncategorised"
"res1.applovin.com","1607033662554","Applovin","Advertising"
"sdk-diagnostics.prd.mz.internal.unity3d.com","1607033923685","Unity Technologies","Uncategorised"
"sdk-events.inner-active.mobi","1607033684462","Fyber","Uncategorised"
"startup.mobile.yandex.net","1607033654562","Yandex","Uncategorised"
"static.criteo.net","1607033936762","Criteo","Advertising"
"tracking.prd.mz.internal.unity3d.com","1607033983962","Unity Technologies","Uncategorised"
"view.adjust.com","1607033938698","Adjust","FingerprintingGeneral"
"vungle2-cdn-prod.s3.amazonaws.com","1607033673152","Amazon Web Services","Content"
"widget.fr.eu.criteo.com","1607033937763","Criteo","Advertising"
"wins.simharif.com","1607033889246","",""
"wv.inner-active.mobi","1607033956594","Fyber","Uncategorised"
"adclick.g.doubleclick.net","1607033658792","Google","FingerprintingGeneral"
