"daddr","time","Tracker Name","Tracker Category"
"a.applovin.com","1607081058464","Applovin","Advertising"
"ad.doubleclick.net","1607080804416","Google","FingerprintingGeneral"
"addelivery-engine-api.voodoo-ads.io","1607080717573","TRACKER_HOSTLIST","Uncategorised"
"ade.googlesyndication.com","1607080916681","Google","FingerprintingGeneral"
"ads.celtra.com","1607080915819","Celtra","Uncategorised"
"ads.eu.criteo.com","1607080996991","Criteo","Advertising"
"ads.mopub.com","1607080730875","MoPub","Advertising"
"ads.mopub.com","1607081027972","MoPub","Advertising"
"adservice.google.com","1607080976681","Google","FingerprintingGeneral"
"analytics.rayjump.com","1607080730297","Mobvista","Uncategorised"
"api-gdpr.voodoo-tech.io","1607080717035","TRACKER_HOSTLIST","Uncategorised"
"api.facebook.com","1607081008744","Facebook","Social"
"api.gameanalytics.com","1607081012946","Mobvista","Uncategorised"
"app.adjust.com","1607081058579","Adjust","FingerprintingGeneral"
"assets.applovin.com","1607081010131","Applovin","Advertising"
"assets.dspunion.com","1607080730368","",""
"assets.mobilegamestats.com","1607080749872","",""
"b-api.facebook.com","1607081017678","Facebook","Social"
"blank","1607080783524","",""
"c.tpbid.com","1607080937707","TRACKER_HOSTLIST","Uncategorised"
"cache-ssl.celtra.com","1607080804018","Celtra","Uncategorised"
"cat.nl.eu.criteo.com","1607080997719","Criteo","Advertising"
"cdn.doubleverify.com","1607080804601","DoubleVerify","FingerprintingGeneral"
"cdp.cloud.unity3d.com","1607081032498","Unity Technologies","Uncategorised"
"choices.trustarc.com","1607080805668","TRACKER_HOSTLIST","Uncategorised"
"choices.truste.com","1607080803137","TRUSTe","Content"
"config.uca.cloud.unity3d.com","1607080717003","Unity Technologies","Uncategorised"
"connect.tapjoy.com","1607080717535","Tapjoy","Uncategorised"
"content.tapjoy.com","1607080719128","Tapjoy","Uncategorised"
"crashlyticsreports-pa.googleapis.com","1607080783001","Google","Content"
"crosspromo.voodoo.io","1607080717367","TRACKER_HOSTLIST","Uncategorised"
"csi.gstatic.com","1607080782760","Google","Content"
"csm.eu.criteo.net","1607081027882","Criteo","Advertising"
"dsp.mobvista.com","1607081028006","Mobvista","Uncategorised"
"ecommerce.iap.unity3d.com","1607080716987","Unity Technologies","Uncategorised"
"firebase-settings.crashlytics.com","1607080712910","Google","Analytics"
"firebaseremoteconfig.googleapis.com","1607080782742","Google","Content"
"gcdsdk.appsflyer.com","1607080730021","AppsFlyer","Advertising"
"gote.tpbid.com","1607080937790","",""
"gum.criteo.com","1607080997901","Criteo","Advertising"
"img.youtube.com","1607081060490","Google","Content"
"imp.control.kochava.com","1607080937754","Kochava","Uncategorised"
"impression.appsflyer.com","1607080718163","AppsFlyer","Advertising"
"lh5.googleusercontent.com","1607080782761","Google","Content"
"newplayable.dspunion.com","1607080730071","",""
"outcome-cdn.supersonicads.com","1607080718544","SupersonicAds","Advertising"
"pixel.moatads.com","1607080916061","Moat","Advertising"
"placements.tapjoy.com","1607080721540","Tapjoy","Uncategorised"
"px.moatads.com","1607080916814","Moat","Advertising"
"rpc.tapjoy.com","1607080718541","Tapjoy","Uncategorised"
"s2s.adjust.com","1607081032680","Adjust","FingerprintingGeneral"
"static.criteo.net","1607080997357","Criteo","Advertising"
"tpc.googlesyndication.com","1607080782755","Google","FingerprintingGeneral"
"tps.doubleverify.com","1607080932303","DoubleVerify","FingerprintingGeneral"
"tr.blismedia.com","1607080916644","TRACKER_HOSTLIST","Uncategorised"
"track.celtra.com","1607080916885","Celtra","Uncategorised"
"track.tenjin.com","1607080993111","TRACKER_HOSTLIST","Uncategorised"
"us01.rayjump.com","1607081027431","Mobvista","Uncategorised"
"vabid.prod.sift.co","1607080762888","TRACKER_HOSTLIST","Uncategorised"
"view.adjust.com","1607080997572","Adjust","FingerprintingGeneral"
"widget.fr.eu.criteo.com","1607080997319","Criteo","Advertising"
"ad.doubleclick.net","1607080916256","Google","FingerprintingGeneral"
"ade.googlesyndication.com","1607080976486","Google","FingerprintingGeneral"
"pool.ntp.org","1607080717410","",""
