"daddr","time","Tracker Name","Tracker Category"
"a.applovin.com","1607034276288","Applovin","Advertising"
"ade.googlesyndication.com","1607034276064","Google","FingerprintingGeneral"
"ads.mopub.com","1607034284009","MoPub","Advertising"
"app.adjust.com","1607034487838","Adjust","FingerprintingGeneral"
"auction.unityads.unity3d.com","1607034281822","Unity Technologies","Uncategorised"
"auiopt.unityads.unity3d.com","1607034284278","Unity Technologies","Uncategorised"
"b-api.facebook.com","1607034275907","Facebook","Social"
"c0.rbxcdn.com","1607034282874","",""
"cdn-creatives-highwinds-prd.unityads.unity3d.com","1607034286726","Unity Technologies","Uncategorised"
"cdn.liftoff.io","1607034279820","Liftoff","Uncategorised"
"cdp.cloud.unity3d.com","1607034508214","Unity Technologies","Uncategorised"
"code.jquery.com","1607034279219","",""
"config.uca.cloud.unity3d.com","1607034266701","Unity Technologies","Uncategorised"
"config.unityads.unity3d.com","1607034279937","Unity Technologies","Uncategorised"
"consent-form.ogury.co","1607034279469","",""
"fungamesupport.helpshift.com","1607034276798","",""
"graph.facebook.com","1607034361341","Facebook","Social"
"gs.gameforeveryone.com","1607034488446","",""
"httpkafka.unityads.unity3d.com","1607034284319","Unity Technologies","Uncategorised"
"iab-imp-gateway.supersonicads.com","1607034279676","SupersonicAds","Advertising"
"init.supersonicads.com","1607034277398","SupersonicAds","Advertising"
"logs.supersonic.com","1607034279405","ironSource","Uncategorised"
"networksdk.ssacdn.com","1607034280627","ironSource","Uncategorised"
"publisher-config.unityads.unity3d.com","1607034281222","Unity Technologies","Uncategorised"
"static.ssacdn.com","1607034281869","ironSource","Uncategorised"
"t2160.gategta.com","1607034508181","",""
"tracking.prd.mz.internal.unity3d.com","1607034281731","Unity Technologies","Uncategorised"
"ade.googlesyndication.com","1607034276360","Google","FingerprintingGeneral"
