"daddr","time","Tracker Name","Tracker Category"
"a.applovin.com","1607012183971","Applovin","Advertising"
"ad.doubleclick.net","1607011881744","Google","FingerprintingGeneral"
"adc-ad-assets.adtilt.com","1607011968873","Opera Mediaworks","Uncategorised"
"adc3-launch.adcolony.com","1607012147214","Jirbo","Advertising"
"adclick.g.doubleclick.net","1607012143350","Google","FingerprintingGeneral"
"ads.admarvel.com","1607011968869","AdMarvel","Advertising"
"ads.api.vungle.com","1607011844963","Blackstone","Uncategorised"
"ads.inmobi.com","1607012114040","InMobi","Advertising"
"ads30.adcolony.com","1607011873839","Jirbo","Advertising"
"adservice.google.com","1607011862724","Google","FingerprintingGeneral"
"ajax.googleapis.com","1607011855607","Google","Content"
"analytics.rayjump.com","1607011897380","Mobvista","Uncategorised"
"api2.branch.io","1607011884875","Branch","Analytics"
"app.appsflyer.com","1607012124188","AppsFlyer","Advertising"
"app.appsflyer.com","1607012184103","AppsFlyer","Advertising"
"assets.applovin.com","1607011989780","Applovin","Advertising"
"assets.dspunion.com","1607011897423","",""
"auction.unityads.unity3d.com","1607012115960","Unity Technologies","Uncategorised"
"auiopt.unityads.unity3d.com","1607011910052","Unity Technologies","Uncategorised"
"b-api.facebook.com","1607012144588","Facebook","Social"
"blank","1607011921426","",""
"c4dm.adcolony.com","1607011943081","Jirbo","Advertising"
"cdn-creatives-highwinds-prd.unityads.unity3d.com","1607011910035","Unity Technologies","Uncategorised"
"cdn-lb.vungle.com","1607011845994","Blackstone","Uncategorised"
"cdn.flashtalking.com","1607011881331","Flashtalking","Advertising"
"cdn1.inner-active.mobi","1607011897655","Fyber","Uncategorised"
"cdn2.inner-active.mobi","1607011897077","Fyber","Uncategorised"
"cdp.cloud.unity3d.com","1607012112755","Unity Technologies","Uncategorised"
"choices.truste.com","1607011881443","TRUSTe","Content"
"config.inmobi.com","1607011981692","InMobi","Advertising"
"config.uca.cloud.unity3d.com","1607011843612","Unity Technologies","Uncategorised"
"config.unityads.unity3d.com","1607011844590","Unity Technologies","Uncategorised"
"conversions.appsflyer.com","1607011978886","AppsFlyer","Advertising"
"crashlyticsreports-pa.googleapis.com","1607011856200","Google","Content"
"csi.gstatic.com","1607011856038","Google","Content"
"dt.adsafeprotected.com","1607011884436","Integral Ad Science","Advertising"
"dt.adsafeprotected.com","1607011884441","Integral Ad Science","Advertising"
"edge.safedk.com","1607012098662","TRACKER_HOSTLIST","Uncategorised"
"et-eus.w.inmobi.com","1607011881708","InMobi","Advertising"
"event-staging.inner-active.mobi","1607012038955","Fyber","Uncategorised"
"event.inner-active.mobi","1607012124186","Fyber","Uncategorised"
"events3.adcolony.com","1607011969069","Jirbo","Advertising"
"firebase-settings.crashlytics.com","1607011841185","Google","Analytics"
"firebaseinstallations.googleapis.com","1607011843824","Google","Content"
"gcdsdk.appsflyer.com","1607011847995","AppsFlyer","Advertising"
"googleads.g.doubleclick.net","1607012112740","Google","FingerprintingGeneral"
"httpkafka.unityads.unity3d.com","1607011851395","Unity Technologies","Uncategorised"
"iab-imp-gateway.supersonicads.com","1607011883852","SupersonicAds","Advertising"
"iab-imp-gateway.supersonicads.com","1607011883846","SupersonicAds","Advertising"
"impression-east.liftoff.io","1607012124381","Liftoff","Uncategorised"
"inapps.appsflyer.com","1607012113038","AppsFlyer","Advertising"
"lh3.googleusercontent.com","1607011855953","Google","Content"
"mobile.adsafeprotected.com","1607011884242","Integral Ad Science","Advertising"
"mobile.adsafeprotected.com","1607011884240","Integral Ad Science","Advertising"
"newplayable.dspunion.com","1607011897162","",""
"pixel.adsafeprotected.com","1607011881446","Integral Ad Science","Advertising"
"pixel.adsafeprotected.com","1607011881445","Integral Ad Science","Advertising"
"publisher-config.unityads.unity3d.com","1607011845661","Unity Technologies","Uncategorised"
"publisher-event.unityads.unity3d.com","1607011900328","Unity Technologies","Uncategorised"
"px.moatads.com","1607011844768","Moat","Advertising"
"s0.2mdn.net","1607011882014","Google","FingerprintingGeneral"
"s2s.adjust.com","1607012064896","Adjust","FingerprintingGeneral"
"sdk-events.inner-active.mobi","1607011897446","Fyber","Uncategorised"
"telemetry.sdk.inmobi.com","1607012128684","InMobi","Advertising"
"tpc.googlesyndication.com","1607011855615","Google","FingerprintingGeneral"
"tracking-new.applike-marketing.info","1607011944265","",""
"tracking.justtrack.io","1607011944051","",""
"tracking.prd.mz.internal.unity3d.com","1607012106592","Unity Technologies","Uncategorised"
"us01.rayjump.com","1607012002659","Mobvista","Uncategorised"
"use-tor.adsrvr.org","1607011881627","The Trade Desk","FingerprintingGeneral"
"videoassets41.blob.core.windows.net","1607011881822","",""
"wv.inner-active.mobi","1607012124140","Fyber","Uncategorised"
"wv.inner-active.mobi","1607012119100","Fyber","Uncategorised"
"adclick.g.doubleclick.net","1607012112834","Google","FingerprintingGeneral"
"adservice.google.com","1607011882263","Google","FingerprintingGeneral"
"csi.gstatic.com","1607012113843","Google","Content"
"googleads.g.doubleclick.net","1607012183969","Google","FingerprintingGeneral"
"lh3.googleusercontent.com","1607012143383","Google","Content"
"tpc.googlesyndication.com","1607012045001","Google","FingerprintingGeneral"
