"daddr","time","Tracker Name","Tracker Category"
"a.applovin.com","1607079516331","Applovin","Advertising"
"aax-eu.amazon-adsystem.com","1607079191078","Amazon.com","Advertising"
"ade.googlesyndication.com","1607079190292","Google","FingerprintingGeneral"
"adexp.liftoff.io","1607079454711","Liftoff","Uncategorised"
"ads.api.vungle.com","1607079192810","Blackstone","Uncategorised"
"api.facebook.com","1607079504825","Facebook","Social"
"app.adjust.com","1607079515804","Adjust","FingerprintingGeneral"
"app.appsflyer.com","1607079343558","AppsFlyer","Advertising"
"assets.applovin.com","1607079487547","Applovin","Advertising"
"auction.unityads.unity3d.com","1607079381877","Unity Technologies","Uncategorised"
"auiopt.unityads.unity3d.com","1607079386130","Unity Technologies","Uncategorised"
"b-api.facebook.com","1607079490578","Facebook","Social"
"blank","1607079266178","",""
"bmedia.justservingfiles.net","1607079386189","TRACKER_HOSTLIST","Uncategorised"
"c0.rbxcdn.com","1607079191784","",""
"cdn-f.adsmoloco.com","1607079343562","TRACKER_HOSTLIST","Uncategorised"
"cdn.branch.io","1607079190717","Branch","Analytics"
"cdn.flashtalking.com","1607079454618","Flashtalking","Advertising"
"cdn.flashtalking.com","1607079347634","Flashtalking","Advertising"
"cdn2.inner-active.mobi","1607079194705","Fyber","Uncategorised"
"cdp.cloud.unity3d.com","1607079189990","Unity Technologies","Uncategorised"
"code.jquery.com","1607079193279","",""
"config.inmobi.com","1607079203392","InMobi","Advertising"
"config.uca.cloud.unity3d.com","1607079189504","Unity Technologies","Uncategorised"
"config.unityads.unity3d.com","1607079191777","Unity Technologies","Uncategorised"
"edge.safedk.com","1607079416655","TRACKER_HOSTLIST","Uncategorised"
"et-eus.w.inmobi.com","1607079454645","InMobi","Advertising"
"extreme-ip-lookup.com","1607079197440","TRACKER_HOSTLIST","Uncategorised"
"firebaseinstallations.googleapis.com","1607079186935","Google","Content"
"firebaseremoteconfig.googleapis.com","1607079343444","Google","Content"
"geo.moatads.com","1607079454919","Moat","Advertising"
"httpkafka.unityads.unity3d.com","1607079199496","Unity Technologies","Uncategorised"
"impression-east.liftoff.io","1607079454716","Liftoff","Uncategorised"
"init.supersonicads.com","1607079190257","SupersonicAds","Advertising"
"mads.amazon-adsystem.com","1607079190062","Amazon.com","Advertising"
"networksdk.ssacdn.com","1607079192281","ironSource","Uncategorised"
"perf-events.cloud.unity3d.com","1607079337028","Unity Technologies","Uncategorised"
"publisher-config.unityads.unity3d.com","1607079191622","Unity Technologies","Uncategorised"
"publisher-event.unityads.unity3d.com","1607079516408","Unity Technologies","Uncategorised"
"px.moatads.com","1607079343483","Moat","Advertising"
"px.moatads.com","1607079454871","Moat","Advertising"
"telemetry.sdk.inmobi.com","1607079430271","InMobi","Advertising"
"track.tenjin.com","1607079296236","TRACKER_HOSTLIST","Uncategorised"
"tracking.prd.mz.internal.unity3d.com","1607079516041","Unity Technologies","Uncategorised"
"videoassets41.blob.core.windows.net","1607079341825","",""
"vungle2-cdn-prod.s3.amazonaws.com","1607079191749","Amazon Web Services","Content"
"wv.inner-active.mobi","1607079482818","Fyber","Uncategorised"
"ade.googlesyndication.com","1607079190568","Google","FingerprintingGeneral"
