"daddr","time","Tracker Name","Tracker Category"
"12gigs.helpshift.com","1607082218652","",""
"a.applovin.com","1607082521167","Applovin","Advertising"
"aax-eu.amazon-adsystem.com","1607082218041","Amazon.com","Advertising"
"acm-cf.amanotes.net","1607082418499","",""
"adc-ad-assets.adtilt.com","1607082236912","Opera Mediaworks","Uncategorised"
"adc3-launch.adcolony.com","1607082520109","Jirbo","Advertising"
"ade.googlesyndication.com","1607082522641","Google","FingerprintingGeneral"
"ads.admarvel.com","1607082401621","AdMarvel","Advertising"
"ads.api.vungle.com","1607082219102","Blackstone","Uncategorised"
"ads30.adcolony.com","1607082420900","Jirbo","Advertising"
"api.facebook.com","1607082434850","Facebook","Social"
"api.safedk.com","1607082276271","TRACKER_HOSTLIST","Uncategorised"
"api2.amplitude.com","1607082248514","Amplitude","Analytics"
"app.adjust.com","1607082418128","Adjust","FingerprintingGeneral"
"app.appsflyer.com","1607082342641","AppsFlyer","Advertising"
"assets.applovin.com","1607082342161","Applovin","Advertising"
"auction.unityads.unity3d.com","1607082503331","Unity Technologies","Uncategorised"
"auiopt.unityads.unity3d.com","1607082509595","Unity Technologies","Uncategorised"
"b-api.facebook.com","1607082517630","Facebook","Social"
"blank","1607082289582","",""
"bmedia.justservingfiles.net","1607082509610","TRACKER_HOSTLIST","Uncategorised"
"c4d-cdn.adcolony.com","1607082421996","Jirbo","Advertising"
"c4dm.adcolony.com","1607082402346","Jirbo","Advertising"
"cache-ssl.celtra.com","1607082419863","Celtra","Uncategorised"
"cdn.branch.io","1607082234068","Branch","Analytics"
"cdn.liftoff.io","1607082234167","Liftoff","Uncategorised"
"cdn2.inner-active.mobi","1607082217798","Fyber","Uncategorised"
"cdp.cloud.unity3d.com","1607082519411","Unity Technologies","Uncategorised"
"code.jquery.com","1607082224024","",""
"config.safedk.com","1607082215508","TRACKER_HOSTLIST","Uncategorised"
"config.uca.cloud.unity3d.com","1607082217052","Unity Technologies","Uncategorised"
"config.unityads.unity3d.com","1607082217961","Unity Technologies","Uncategorised"
"crashlyticsreports-pa.googleapis.com","1607082522754","Google","Content"
"csi.gstatic.com","1607082523882","Google","Content"
"events3.adcolony.com","1607082422048","Jirbo","Advertising"
"external-lht6-1.xx.fbcdn.net","1607082351754","Facebook","Content"
"firebaseremoteconfig.googleapis.com","1607082522385","Google","Content"
"googleads.g.doubleclick.net","1607082236083","Google","FingerprintingGeneral"
"httpkafka.unityads.unity3d.com","1607082228400","Unity Technologies","Uncategorised"
"impression-europe.liftoff.io","1607082342466","Liftoff","Uncategorised"
"impression.appsflyer.com","1607082401578","AppsFlyer","Advertising"
"init.supersonicads.com","1607082217811","SupersonicAds","Advertising"
"lh5.googleusercontent.com","1607082524751","Google","Content"
"logs.supersonic.com","1607082226655","ironSource","Uncategorised"
"mads.amazon-adsystem.com","1607082217530","Amazon.com","Advertising"
"networksdk.ssacdn.com","1607082224035","ironSource","Uncategorised"
"perf-events.cloud.unity3d.com","1607082217220","Unity Technologies","Uncategorised"
"publisher-config.unityads.unity3d.com","1607082219500","Unity Technologies","Uncategorised"
"publisher-event.unityads.unity3d.com","1607082497698","Unity Technologies","Uncategorised"
"px.moatads.com","1607082218671","Moat","Advertising"
"r2---sn-8pgbpohxqp5-ajts.googlevideo.com","1607082522737","Alphabet","Uncategorised"
"scontent-lhr8-1.xx.fbcdn.net","1607082353791","Facebook","Content"
"tpc.googlesyndication.com","1607082522383","Google","FingerprintingGeneral"
"tracking.prd.mz.internal.unity3d.com","1607082497652","Unity Technologies","Uncategorised"
"trivia-api.12gigs.com","1607082519374","",""
"video-lht6-1.xx.fbcdn.net","1607082351743","Facebook","Content"
"vungle2-cdn-prod.s3.amazonaws.com","1607082219437","Amazon Web Services","Content"
"wv.inner-active.mobi","1607082429340","Fyber","Uncategorised"
"www.google.com","1607082519354","Google","Content"
"www.googleapis.com","1607082215519","Google","Content"
"ade.googlesyndication.com","1607082525479","Google","FingerprintingGeneral"
"csi.gstatic.com","1607082524846","Google","Content"
"googleads.g.doubleclick.net","1607082218373","Google","FingerprintingGeneral"
"tpc.googlesyndication.com","1607082232961","Google","FingerprintingGeneral"
