"daddr","time","Tracker Name","Tracker Category"
"47.254.69.95","1607077883192","",""
"aihelp.net","1607077878157","",""
"android.bugly.qq.com","1607077877423","Tencent","Uncategorised"
"api.facebook.com","1607077873173","Facebook","Social"
"app.appsflyer.com","1607077880940","AppsFlyer","Advertising"
"assets.mobilegamestats.com","1607077882134","",""
"auction.unityads.unity3d.com","1607077881674","Unity Technologies","Uncategorised"
"auiopt.unityads.unity3d.com","1607077885007","Unity Technologies","Uncategorised"
"blank","1607077945741","",""
"blank","1607077947792","",""
"bmedia.justservingfiles.net","1607077884936","TRACKER_HOSTLIST","Uncategorised"
"cdn.aihelp.net","1607077878170","",""
"cdp.cloud.unity3d.com","1607078177265","Unity Technologies","Uncategorised"
"cok-chat-api-config.elex-tech.net","1607077884668","",""
"cok-chat-cdn-service.elex-tech.net","1607077886619","",""
"config.uca.cloud.unity3d.com","1607077877100","Unity Technologies","Uncategorised"
"config.unityads.unity3d.com","1607077879672","Unity Technologies","Uncategorised"
"cs30.net","1607077877470","",""
"firebaseinstallations.googleapis.com","1607077877495","Google","Content"
"gcdsdk.appsflyer.com","1607077881450","AppsFlyer","Advertising"
"httpkafka.unityads.unity3d.com","1607077885009","Unity Technologies","Uncategorised"
"public-bi-us.elexapp.com","1607078194884","",""
"publisher-config.unityads.unity3d.com","1607077881341","Unity Technologies","Uncategorised"
"scontent-lhr8-1.xx.fbcdn.net","1607077873743","Facebook","Content"
"twd-cdn-new-sg.elexapp.com","1607077881354","",""
"twd-cdn-new.eleximg.com","1607077881352","",""
"twd2-web.elexapp.com","1607077881811","",""
