"daddr","time","Tracker Name","Tracker Category"
"a.applovin.com","1606994443965","Applovin","Advertising"
"ad.doubleclick.net","1606994403450","Google","FingerprintingGeneral"
"adclick.g.doubleclick.net","1606994418117","Google","FingerprintingGeneral"
"ads.celtra.com","1606994387227","Celtra","Uncategorised"
"ads.eu.criteo.com","1606994311728","Criteo","Advertising"
"ads.inmobi.com","1606994443237","InMobi","Advertising"
"adx-tk.rayjump.com","1606994210594","Mobvista","Uncategorised"
"ajax.googleapis.com","1606994162575","Google","Content"
"analytics.rayjump.com","1606994432822","Mobvista","Uncategorised"
"assets.applovin.com","1606994242360","Applovin","Advertising"
"assets.dspunion.com","1606994210473","",""
"assets.dspunion.com","1606994193581","",""
"auction.unityads.unity3d.com","1606994445437","Unity Technologies","Uncategorised"
"auiopt.unityads.unity3d.com","1606994216240","Unity Technologies","Uncategorised"
"b-api.facebook.com","1606994447807","Facebook","Social"
"blank","1606994213251","",""
"bs.serving-sys.com","1606994408672","DG","Advertising"
"c.tpbid.com","1606994175829","TRACKER_HOSTLIST","Uncategorised"
"cache-ssl.celtra.com","1606994403268","Celtra","Uncategorised"
"cat.nl.eu.criteo.com","1606994312625","Criteo","Advertising"
"cdn-creatives-highwinds-prd.unityads.unity3d.com","1606994216233","Unity Technologies","Uncategorised"
"cdn.flashtalking.com","1606994210248","Flashtalking","Advertising"
"cdn1.inner-active.mobi","1606994176514","Fyber","Uncategorised"
"cdn2.inner-active.mobi","1606994175245","Fyber","Uncategorised"
"cdp.cloud.unity3d.com","1606994145526","Unity Technologies","Uncategorised"
"choices.trustarc.com","1606994399720","TRACKER_HOSTLIST","Uncategorised"
"choices.trustarc.com","1606994262612","TRACKER_HOSTLIST","Uncategorised"
"choices.truste.com","1606994259030","TRUSTe","Content"
"code.jquery.com","1606994148948","",""
"config.inmobi.com","1606994154085","InMobi","Advertising"
"config.uca.cloud.unity3d.com","1606994145106","Unity Technologies","Uncategorised"
"config.unityads.unity3d.com","1606994146836","Unity Technologies","Uncategorised"
"control.kochava.com","1606994204779","Kochava","Uncategorised"
"crashlyticsreports-pa.googleapis.com","1606994162843","Google","Content"
"csi.gstatic.com","1606994162595","Google","Content"
"csm.eu.criteo.net","1606994372358","Criteo","Advertising"
"dt.adsafeprotected.com","1606994418299","Integral Ad Science","Advertising"
"et-eus.w.inmobi.com","1606994210488","InMobi","Advertising"
"event.inner-active.mobi","1606994433105","Fyber","Uncategorised"
"firebaseinstallations.googleapis.com","1606994146390","Google","Content"
"fw.adsafeprotected.com","1606994387183","Integral Ad Science","Advertising"
"googleads.g.doubleclick.net","1606994162777","Google","FingerprintingGeneral"
"gotu.tpbid.com","1606994175830","TRACKER_HOSTLIST","Uncategorised"
"graph.facebook.com","1606994458914","Facebook","Social"
"gum.criteo.com","1606994312774","Criteo","Advertising"
"httpkafka.unityads.unity3d.com","1606994157067","Unity Technologies","Uncategorised"
"hwcdn.libsyn.com","1606994210233","",""
"img.on-device.com","1606994387377","",""
"imp.control.kochava.com","1606994175828","Kochava","Uncategorised"
"init.supersonicads.com","1606994147521","SupersonicAds","Advertising"
"kvinit-prod.api.kochava.com","1606994146377","Kochava","Uncategorised"
"logs.supersonic.com","1606994151292","ironSource","Uncategorised"
"mobile.adsafeprotected.com","1606994388144","Integral Ad Science","Advertising"
"networksdk.ssacdn.com","1606994148955","ironSource","Uncategorised"
"on-device.com","1606994387189","",""
"outcome-ssp.supersonicads.com","1606994163297","SupersonicAds","Advertising"
"pix.eu.criteo.net","1606994296885","Criteo","Advertising"
"pixel.adsafeprotected.com","1606994258593","Integral Ad Science","Advertising"
"pixel.moatads.com","1606994387476","Moat","Advertising"
"publisher-config.unityads.unity3d.com","1606994148279","Unity Technologies","Uncategorised"
"publisher-event.unityads.unity3d.com","1606994211677","Unity Technologies","Uncategorised"
"px.moatads.com","1606994388241","Moat","Advertising"
"s2s.adjust.com","1606994444701","Adjust","FingerprintingGeneral"
"sdk-diagnostics.prd.mz.internal.unity3d.com","1606994446359","Unity Technologies","Uncategorised"
"sdk-events.inner-active.mobi","1606994403600","Fyber","Uncategorised"
"static.adsafeprotected.com","1606994260724","Integral Ad Science","Advertising"
"static.criteo.net","1606994296155","Criteo","Advertising"
"static.eu.criteo.net","1606994296845","Criteo","Advertising"
"telemetry.sdk.inmobi.com","1606994446794","InMobi","Advertising"
"tpc.googlesyndication.com","1606994162590","Google","FingerprintingGeneral"
"tr.blismedia.com","1606994418114","TRACKER_HOSTLIST","Uncategorised"
"track.celtra.com","1606994388271","Celtra","Uncategorised"
"tracking.prd.mz.internal.unity3d.com","1606994217871","Unity Technologies","Uncategorised"
"us01.rayjump.com","1606994210477","Mobvista","Uncategorised"
"us01.rayjump.com","1606994432880","Mobvista","Uncategorised"
"videoassets41.blob.core.windows.net","1606994210591","",""
"view.adjust.com","1606994312622","Adjust","FingerprintingGeneral"
"widget.nl.eu.criteo.com","1606994296759","Criteo","Advertising"
"wv.inner-active.mobi","1606994432472","Fyber","Uncategorised"
"wv.inner-active.mobi","1606994446392","Fyber","Uncategorised"
"adclick.g.doubleclick.net","1606994388227","Google","FingerprintingGeneral"
"googleads.g.doubleclick.net","1606994148180","Google","FingerprintingGeneral"
