"daddr","time","Tracker Name","Tracker Category"
"a.applovin.com","1607011415714","Applovin","Advertising"
"aihelp.net","1607011703867","",""
"ajax.googleapis.com","1607011409067","Google","Content"
"b-api.facebook.com","1607011706987","Facebook","Social"
"bi-tracker-global.rivergame.net","1607011591351","",""
"blank","1607011479061","",""
"cdn.aihelp.net","1607011399464","",""
"config.unityads.unity3d.com","1607011398000","Unity Technologies","Uncategorised"
"conversions.appsflyer.com","1607011396476","AppsFlyer","Advertising"
"crashlyticsreports-pa.googleapis.com","1607011410212","Google","Content"
"csi.gstatic.com","1607011409911","Google","Content"
"firebase-settings.crashlytics.com","1607011395151","Google","Analytics"
"firebaseinstallations.googleapis.com","1607011426704","Google","Content"
"gcdsdk.appsflyer.com","1607011396742","AppsFlyer","Advertising"
"googleads.g.doubleclick.net","1607011418000","Google","FingerprintingGeneral"
"graph.facebook.com","1607011394959","Facebook","Social"
"group-push-us.rivergame.net","1607011404041","",""
"inapps.appsflyer.com","1607011434833","AppsFlyer","Advertising"
"knight-app-cdn.akamaized.net","1607011396822","Akamai","Content"
"knight-cdn-oversea.rivergame.net","1607011399691","",""
"knight-cdn.topwarapp.com","1607011404094","",""
"knight-eu-gcp.topwargame.com","1607011402237","",""
"knight-us-576.topwargame.com","1607011396221","",""
"knight-us-cloudflare-576.topwarapp.com","1607011402094","",""
"knight-us-gcp-576.topwargame.com","1607011401552","",""
"knight-us.us-west-1.log.aliyuncs.com","1607011706686","Alibaba","Uncategorised"
"knightcdn.rivergame.net","1607011400588","",""
"lh3.googleusercontent.com","1607011409713","Google","Content"
"platformapi.rivergame.net","1607011403579","",""
"pv.sohu.com","1607011396452","Sohu","Uncategorised"
"tpc.googlesyndication.com","1607011409055","Google","FingerprintingGeneral"
"csi.gstatic.com","1607011410365","Google","Content"
"googleads.g.doubleclick.net","1607011406924","Google","FingerprintingGeneral"
"tpc.googlesyndication.com","1607011409580","Google","FingerprintingGeneral"
