"daddr","time","Tracker Name","Tracker Category"
"a.applovin.com","1607013418277","Applovin","Advertising"
"ade.googlesyndication.com","1607013382983","Google","FingerprintingGeneral"
"ads.api.vungle.com","1607013182894","Blackstone","Uncategorised"
"ajax.googleapis.com","1607013174248","Google","Content"
"analytics.mobilegamestats.com","1607013432084","",""
"api.gameanalytics.com","1607013420781","Mobvista","Uncategorised"
"app.appsflyer.com","1607013177822","AppsFlyer","Advertising"
"assets.applovin.com","1607013345964","Applovin","Advertising"
"auction.unityads.unity3d.com","1607013412146","Unity Technologies","Uncategorised"
"auiopt.unityads.unity3d.com","1607013265509","Unity Technologies","Uncategorised"
"b-api.facebook.com","1607013345970","Facebook","Social"
"blank","1607013406889","",""
"cdn-creatives-highwinds-prd.unityads.unity3d.com","1607013414043","Unity Technologies","Uncategorised"
"cdn.branch.io","1607013416024","Branch","Analytics"
"cdn.flashtalking.com","1607013392259","Flashtalking","Advertising"
"cdn2.inner-active.mobi","1607013174607","Fyber","Uncategorised"
"cdp.cloud.unity3d.com","1607013432567","Unity Technologies","Uncategorised"
"choices.truste.com","1607013416413","TRUSTe","Content"
"code.jquery.com","1607013169726","",""
"config.mobilegamestats.com","1607013170507","",""
"config.uca.cloud.unity3d.com","1607013168039","Unity Technologies","Uncategorised"
"config.unityads.unity3d.com","1607013172045","Unity Technologies","Uncategorised"
"consent-form.ogury.co","1607013405501","",""
"conversions.appsflyer.com","1607013415644","AppsFlyer","Advertising"
"crashlyticsreports-pa.googleapis.com","1607013175817","Google","Content"
"csi.gstatic.com","1607013174859","Google","Content"
"d9.flashtalking.com","1607013392056","Flashtalking","Advertising"
"dpm.demdex.net","1607013392082","Adobe","FingerprintingGeneral"
"dt.adsafeprotected.com","1607013392851","Integral Ad Science","Advertising"
"fw.adsafeprotected.com","1607013319195","Integral Ad Science","Advertising"
"gcdsdk.appsflyer.com","1607013169478","AppsFlyer","Advertising"
"googleads.g.doubleclick.net","1607013383135","Google","FingerprintingGeneral"
"graph.facebook.com","1607013183955","Facebook","Social"
"httpkafka.unityads.unity3d.com","1607013416124","Unity Technologies","Uncategorised"
"iab-imp-gateway.supersonicads.com","1607013345501","SupersonicAds","Advertising"
"imp.control.kochava.com","1607013321065","Kochava","Uncategorised"
"impression.appsflyer.com","1607013216131","AppsFlyer","Advertising"
"inapps.appsflyer.com","1607013348479","AppsFlyer","Advertising"
"init.supersonicads.com","1607013168546","SupersonicAds","Advertising"
"lh3.googleusercontent.com","1607013174819","Google","Content"
"logs.supersonic.com","1607013168832","ironSource","Uncategorised"
"mobile.adsafeprotected.com","1607013392493","Integral Ad Science","Advertising"
"mraid.presage.io","1607013180712","Presage","Uncategorised"
"networksdk.ssacdn.com","1607013170148","ironSource","Uncategorised"
"newplayable.dspunion.com","1607013377869","",""
"outcome-cdn.supersonicads.com","1607013345758","SupersonicAds","Advertising"
"outcome-ssp.supersonicads.com","1607013316245","SupersonicAds","Advertising"
"pixel.adsafeprotected.com","1607013391525","Integral Ad Science","Advertising"
"pm-gateway.supersonicads.com","1607013342272","SupersonicAds","Advertising"
"publisher-config.unityads.unity3d.com","1607013172878","Unity Technologies","Uncategorised"
"publisher-event.unityads.unity3d.com","1607013429156","Unity Technologies","Uncategorised"
"px.moatads.com","1607013182839","Moat","Advertising"
"s0.2mdn.net","1607013187416","Google","FingerprintingGeneral"
"sdk-diagnostics.prd.mz.internal.unity3d.com","1607013405496","Unity Technologies","Uncategorised"
"tags.bluekai.com","1607013319305","BlueKai","FingerprintingGeneral"
"tpc.googlesyndication.com","1607013174241","Google","FingerprintingGeneral"
"tracking.prd.mz.internal.unity3d.com","1607013418400","Unity Technologies","Uncategorised"
"wins.simharif.com","1607013378193","",""
"wv.inner-active.mobi","1607013419275","Fyber","Uncategorised"
"csi.gstatic.com","1607013279705","Google","Content"
"googleads.g.doubleclick.net","1607013170769","Google","FingerprintingGeneral"
"lh3.googleusercontent.com","1607013340098","Google","Content"
"s0.2mdn.net","1607013361632","Google","FingerprintingGeneral"
"tpc.googlesyndication.com","1607013174529","Google","FingerprintingGeneral"
