"daddr","time","Tracker Name","Tracker Category"
"a.applovin.com","1607076500176","Applovin","Advertising"
"adc-ad-assets.adtilt.com","1607076277769","Opera Mediaworks","Uncategorised"
"adc3-launch.adcolony.com","1607076270470","Jirbo","Advertising"
"ade.googlesyndication.com","1607076290820","Google","FingerprintingGeneral"
"ads.api.vungle.com","1607076271155","Blackstone","Uncategorised"
"ads30.adcolony.com","1607076273432","Jirbo","Advertising"
"api.facebook.com","1607076301274","Facebook","Social"
"app.appsflyer.com","1607076273410","AppsFlyer","Advertising"
"auction.unityads.unity3d.com","1607076274980","Unity Technologies","Uncategorised"
"auiopt.unityads.unity3d.com","1607076280957","Unity Technologies","Uncategorised"
"b-api.facebook.com","1607076270223","Facebook","Social"
"bmedia.justservingfiles.net","1607076280807","TRACKER_HOSTLIST","Uncategorised"
"cdn-lb.vungle.com","1607076280282","Blackstone","Uncategorised"
"cdn.branch.io","1607076271026","Branch","Analytics"
"cdn.liftoff.io","1607076288300","Liftoff","Uncategorised"
"cdn2.inner-active.mobi","1607076270405","Fyber","Uncategorised"
"cdp.cloud.unity3d.com","1607076269922","Unity Technologies","Uncategorised"
"code.jquery.com","1607076272820","",""
"config.uca.cloud.unity3d.com","1607076269498","Unity Technologies","Uncategorised"
"config.unityads.unity3d.com","1607076270676","Unity Technologies","Uncategorised"
"connect.tapjoy.com","1607076270474","Tapjoy","Uncategorised"
"conversions.appsflyer.com","1607076272292","AppsFlyer","Advertising"
"crashlyticsreports-pa.googleapis.com","1607076279951","Google","Content"
"csi.gstatic.com","1607076279606","Google","Content"
"ecommerce.iap.unity3d.com","1607076269526","Unity Technologies","Uncategorised"
"events3.adcolony.com","1607076275390","Jirbo","Advertising"
"firebase-settings.crashlytics.com","1607076266512","Google","Analytics"
"firebaseinstallations.googleapis.com","1607076266371","Google","Content"
"firebaseremoteconfig.googleapis.com","1607076275290","Google","Content"
"gcdsdk.appsflyer.com","1607076272657","AppsFlyer","Advertising"
"httpkafka.unityads.unity3d.com","1607076280896","Unity Technologies","Uncategorised"
"init.supersonicads.com","1607076270590","SupersonicAds","Advertising"
"lh5.googleusercontent.com","1607076275793","Google","Content"
"live.chartboost.com","1607076289554","Chartboost","Advertising"
"logs.supersonic.com","1607076273470","ironSource","Uncategorised"
"networksdk.ssacdn.com","1607076272830","ironSource","Uncategorised"
"newplayable.dspunion.com","1607076273461","",""
"outcome-cdn.supersonicads.com","1607076271474","SupersonicAds","Advertising"
"placements.tapjoy.com","1607076271420","Tapjoy","Uncategorised"
"publisher-config.unityads.unity3d.com","1607076272346","Unity Technologies","Uncategorised"
"px.moatads.com","1607076273220","Moat","Advertising"
"report.appmetrica.yandex.net","1607076344279","Yandex","Uncategorised"
"rpc.tapjoy.com","1607076500081","Tapjoy","Uncategorised"
"startup.mobile.yandex.net","1607076269424","Yandex","Uncategorised"
"tpc.googlesyndication.com","1607076275293","Google","FingerprintingGeneral"
"vungle2-cdn-prod.s3.amazonaws.com","1607076272230","Amazon Web Services","Content"
"wv.inner-active.mobi","1607076292106","Fyber","Uncategorised"
"www.aesthetics.wtf","1607076269533","",""
"ade.googlesyndication.com","1607076270851","Google","FingerprintingGeneral"
"csi.gstatic.com","1607076284701","Google","Content"
"firebaseremoteconfig.googleapis.com","1607076289023","Google","Content"
"lh5.googleusercontent.com","1607076289070","Google","Content"
"pool.ntp.org","1607076270040","",""
