"daddr","time","Tracker Name","Tracker Category"
"a.applovin.com","1607084555669","Applovin","Advertising"
"acm-cf.amanotes.net","1607084554345","",""
"adc-ad-assets.adtilt.com","1607084246039","Opera Mediaworks","Uncategorised"
"adc3-launch.adcolony.com","1607084540082","Jirbo","Advertising"
"adclick.g.doubleclick.net","1607084477278","Google","FingerprintingGeneral"
"ade.googlesyndication.com","1607084552309","Google","FingerprintingGeneral"
"ads.api.vungle.com","1607084237967","Blackstone","Uncategorised"
"ads30.adcolony.com","1607084244552","Jirbo","Advertising"
"api.facebook.com","1607084521961","Facebook","Social"
"app.appsflyer.com","1607084470615","AppsFlyer","Advertising"
"assets.applovin.com","1607084397883","Applovin","Advertising"
"auction.unityads.unity3d.com","1607084442518","Unity Technologies","Uncategorised"
"b-api.facebook.com","1607084537544","Facebook","Social"
"beacon-us-west.rubiconproject.com","1607084527375","RubiconProject","Advertising"
"blank","1607084318481","",""
"bmedia.justservingfiles.net","1607084448251","TRACKER_HOSTLIST","Uncategorised"
"c0.rbxcdn.com","1607084246973","",""
"cache-ssl.celtra.com","1607084244306","Celtra","Uncategorised"
"cdn-lb.vungle.com","1607084248012","Blackstone","Uncategorised"
"cdn.branch.io","1607084439118","Branch","Analytics"
"cdn.flashtalking.com","1607084481203","Flashtalking","Advertising"
"cdn.liftoff.io","1607084338083","Liftoff","Uncategorised"
"cdn2.inner-active.mobi","1607084237334","Fyber","Uncategorised"
"cdp.cloud.unity3d.com","1607084236855","Unity Technologies","Uncategorised"
"code.jquery.com","1607084244166","",""
"config.inmobi.com","1607084257202","InMobi","Advertising"
"config.uca.cloud.unity3d.com","1607084236515","Unity Technologies","Uncategorised"
"config.unityads.unity3d.com","1607084246971","Unity Technologies","Uncategorised"
"connect.tapjoy.com","1607084237377","Tapjoy","Uncategorised"
"consent-form.ogury.co","1607084265904","",""
"content.tapjoy.com","1607084239782","Tapjoy","Uncategorised"
"crashlyticsreports-pa.googleapis.com","1607084249710","Google","Content"
"csi.gstatic.com","1607084250128","Google","Content"
"d9.flashtalking.com","1607084481273","Flashtalking","Advertising"
"dpm.demdex.net","1607084481270","Adobe","FingerprintingGeneral"
"dt.adsafeprotected.com","1607084478580","Integral Ad Science","Advertising"
"edge.safedk.com","1607084470921","TRACKER_HOSTLIST","Uncategorised"
"et-eus.w.inmobi.com","1607084397318","InMobi","Advertising"
"events3.adcolony.com","1607084245954","Jirbo","Advertising"
"firebaseremoteconfig.googleapis.com","1607084247737","Google","Content"
"fw.adsafeprotected.com","1607084480924","Integral Ad Science","Advertising"
"googleads.g.doubleclick.net","1607084373102","Google","FingerprintingGeneral"
"httpkafka.unityads.unity3d.com","1607084471030","Unity Technologies","Uncategorised"
"imp.control.kochava.com","1607084324156","Kochava","Uncategorised"
"init.supersonicads.com","1607084237437","SupersonicAds","Advertising"
"is-gateway.supersonicads.com","1607084554420","SupersonicAds","Advertising"
"lh3.googleusercontent.com","1607084250049","Google","Content"
"mobile.adsafeprotected.com","1607084479708","Integral Ad Science","Advertising"
"networksdk.ssacdn.com","1607084244184","ironSource","Uncategorised"
"outcome-ssp.supersonicads.com","1607084474314","SupersonicAds","Advertising"
"pixel.adsafeprotected.com","1607084382944","Integral Ad Science","Advertising"
"placements.tapjoy.com","1607084238840","Tapjoy","Uncategorised"
"publisher-config.unityads.unity3d.com","1607084238824","Unity Technologies","Uncategorised"
"publisher-event.unityads.unity3d.com","1607084460166","Unity Technologies","Uncategorised"
"px.moatads.com","1607084237962","Moat","Advertising"
"r3---sn-8pgbpohxqp5-ajts.googlevideo.com","1607084254865","Alphabet","Uncategorised"
"report.appmetrica.yandex.net","1607084237566","Yandex","Uncategorised"
"rpc.tapjoy.com","1607084240728","Tapjoy","Uncategorised"
"rv-gateway.supersonicads.com","1607084439466","SupersonicAds","Advertising"
"s0.2mdn.net","1607084322931","Google","FingerprintingGeneral"
"sdk-diagnostics.prd.mz.internal.unity3d.com","1607084470903","Unity Technologies","Uncategorised"
"startup.mobile.yandex.net","1607084236984","Yandex","Uncategorised"
"tags.bluekai.com","1607084322943","BlueKai","FingerprintingGeneral"
"telemetry.sdk.inmobi.com","1607084417382","InMobi","Advertising"
"tpc.googlesyndication.com","1607084247816","Google","FingerprintingGeneral"
"tracking.prd.mz.internal.unity3d.com","1607084470896","Unity Technologies","Uncategorised"
"videoassets41.blob.core.windows.net","1607084397532","",""
"vungle2-cdn-prod.s3.amazonaws.com","1607084238837","Amazon Web Services","Content"
"ws.tapjoyads.com","1607084238791","Tapjoy","Uncategorised"
"wv.inner-active.mobi","1607084556161","Fyber","Uncategorised"
"adclick.g.doubleclick.net","1607084479701","Google","FingerprintingGeneral"
"ade.googlesyndication.com","1607084398564","Google","FingerprintingGeneral"
"csi.gstatic.com","1607084476181","Google","Content"
"firebaseremoteconfig.googleapis.com","1607084476138","Google","Content"
"lh3.googleusercontent.com","1607084476140","Google","Content"
"pool.ntp.org","1607084236914","",""
"s0.2mdn.net","1607084397388","Google","FingerprintingGeneral"
"tpc.googlesyndication.com","1607084322893","Google","FingerprintingGeneral"
