"daddr","time","Tracker Name","Tracker Category"
"a.applovin.com","1607031888258","Applovin","Advertising"
"ade.googlesyndication.com","1607031884259","Google","FingerprintingGeneral"
"ajax.googleapis.com","1607031645452","Google","Content"
"api.gameanalytics.com","1607031891702","Mobvista","Uncategorised"
"attribution.justtrack.io","1607031587346","",""
"auction.unityads.unity3d.com","1607031707016","Unity Technologies","Uncategorised"
"auiopt.unityads.unity3d.com","1607031708318","Unity Technologies","Uncategorised"
"b-api.facebook.com","1607031869349","Facebook","Social"
"banner-gateway.supersonicads.com","1607031707633","SupersonicAds","Advertising"
"bid.g.doubleclick.net","1607031647908","Google","FingerprintingGeneral"
"bid.tapjoy.com","1607031888935","Tapjoy","Uncategorised"
"c0.rbxcdn.com","1607031705337","",""
"cdn-creatives-highwinds-prd.unityads.unity3d.com","1607031709700","Unity Technologies","Uncategorised"
"cdn.branch.io","1607031838270","Branch","Analytics"
"cdp.cloud.unity3d.com","1607031587760","Unity Technologies","Uncategorised"
"code.jquery.com","1607031589146","",""
"config.uca.cloud.unity3d.com","1607031587222","Unity Technologies","Uncategorised"
"config.unityads.unity3d.com","1607031705508","Unity Technologies","Uncategorised"
"connect.tapjoy.com","1607031587829","Tapjoy","Uncategorised"
"content.tapjoy.com","1607031590196","Tapjoy","Uncategorised"
"conversions.appsflyer.com","1607031659094","AppsFlyer","Advertising"
"crashlyticsreports-pa.googleapis.com","1607031646362","Google","Content"
"csi.gstatic.com","1607031646058","Google","Content"
"dt.adsafeprotected.com","1607031913439","Integral Ad Science","Advertising"
"firebaseinstallations.googleapis.com","1607031584414","Google","Content"
"firebaseremoteconfig.googleapis.com","1607031587576","Google","Content"
"fw.adsafeprotected.com","1607031883714","Integral Ad Science","Advertising"
"googleads.g.doubleclick.net","1607031884973","Google","FingerprintingGeneral"
"httpkafka.unityads.unity3d.com","1607031708330","Unity Technologies","Uncategorised"
"iab-imp-gateway.supersonicads.com","1607031888557","SupersonicAds","Advertising"
"inapps.appsflyer.com","1607031748888","AppsFlyer","Advertising"
"init.supersonicads.com","1607031587178","SupersonicAds","Advertising"
"k.isprog.com","1607031728953","",""
"lh3.googleusercontent.com","1607031645901","Google","Content"
"logs.supersonic.com","1607031707573","ironSource","Uncategorised"
"match.adsrvr.org","1607031826459","The Trade Desk","FingerprintingGeneral"
"mobile.adsafeprotected.com","1607031884271","Integral Ad Science","Advertising"
"mraid.presage.io","1607031781693","Presage","Uncategorised"
"networksdk.ssacdn.com","1607031708935","ironSource","Uncategorised"
"newplayable.dspunion.com","1607031659065","",""
"outcome-cdn.supersonicads.com","1607031888742","SupersonicAds","Advertising"
"outcome-ssp.supersonicads.com","1607031699120","SupersonicAds","Advertising"
"placements.tapjoy.com","1607031588697","Tapjoy","Uncategorised"
"platform.ssacdn.com","1607031710492","ironSource","Uncategorised"
"pm-gateway.supersonicads.com","1607031886491","SupersonicAds","Advertising"
"publisher-config.unityads.unity3d.com","1607031706592","Unity Technologies","Uncategorised"
"rpc.tapjoy.com","1607031621847","Tapjoy","Uncategorised"
"s0.2mdn.net","1607031648851","Google","FingerprintingGeneral"
"tpc.googlesyndication.com","1607031645603","Google","FingerprintingGeneral"
"user-events.justtrack.io","1607031588087","",""
"wins.simharif.com","1607031889382","",""
"ade.googlesyndication.com","1607031802767","Google","FingerprintingGeneral"
"bid.g.doubleclick.net","1607031884447","Google","FingerprintingGeneral"
"csi.gstatic.com","1607031858828","Google","Content"
"lh3.googleusercontent.com","1607031811159","Google","Content"
"pool.ntp.org","1607031587704","",""
"s0.2mdn.net","1607031884767","Google","FingerprintingGeneral"
"tpc.googlesyndication.com","1607031645812","Google","FingerprintingGeneral"
