"daddr","time","Tracker Name","Tracker Category"
"a.applovin.com","1607082957126","Applovin","Advertising"
"acm-cf.amanotes.net","1607082699313","",""
"ade.googlesyndication.com","1607082687430","Google","FingerprintingGeneral"
"adexp.liftoff.io","1607082878894","Liftoff","Uncategorised"
"ads.api.vungle.com","1607082931463","Blackstone","Uncategorised"
"adservice.google.com","1607082875123","Google","FingerprintingGeneral"
"ajax.googleapis.com","1607082671385","Google","Content"
"api.facebook.com","1607082982854","Facebook","Social"
"app.adjust.com","1607083007724","Adjust","FingerprintingGeneral"
"app.appsflyer.com","1607082700643","AppsFlyer","Advertising"
"assets.applovin.com","1607082690767","Applovin","Advertising"
"assets.mobilegamestats.com","1607082931675","",""
"auction.unityads.unity3d.com","1607082870284","Unity Technologies","Uncategorised"
"auiopt.unityads.unity3d.com","1607082684771","Unity Technologies","Uncategorised"
"b-api.facebook.com","1607082962866","Facebook","Social"
"blank","1607082752433","",""
"bmedia.justservingfiles.net","1607082687266","TRACKER_HOSTLIST","Uncategorised"
"cdn-lb.vungle.com","1607082878896","Blackstone","Uncategorised"
"cdn.branch.io","1607082962423","Branch","Analytics"
"cdn.liftoff.io","1607082874596","Liftoff","Uncategorised"
"cdn2.inner-active.mobi","1607082680777","Fyber","Uncategorised"
"cdp.cloud.unity3d.com","1607082676654","Unity Technologies","Uncategorised"
"code.jquery.com","1607082676634","",""
"config.uca.cloud.unity3d.com","1607082676283","Unity Technologies","Uncategorised"
"config.unityads.unity3d.com","1607082680010","Unity Technologies","Uncategorised"
"consent-form.ogury.co","1607082784605","",""
"crashlyticsreports-pa.googleapis.com","1607082684569","Google","Content"
"csi.gstatic.com","1607082683751","Google","Content"
"firebase-settings.crashlytics.com","1607082671677","Google","Analytics"
"firebaseinstallations.googleapis.com","1607082956207","Google","Content"
"firebaseremoteconfig.googleapis.com","1607082683713","Google","Content"
"gcdsdk.appsflyer.com","1607082675838","AppsFlyer","Advertising"
"httpkafka.unityads.unity3d.com","1607082684660","Unity Technologies","Uncategorised"
"iab-imp-gateway.supersonicads.com","1607082983775","SupersonicAds","Advertising"
"img.youtube.com","1607083007726","Google","Content"
"impression-europe.liftoff.io","1607082874577","Liftoff","Uncategorised"
"ingest.vungle.com","1607082932328","Blackstone","Uncategorised"
"init.supersonicads.com","1607082675352","SupersonicAds","Advertising"
"lh5.googleusercontent.com","1607082683695","Google","Content"
"mraid.presage.io","1607082962631","Presage","Uncategorised"
"networksdk.ssacdn.com","1607082676649","ironSource","Uncategorised"
"outcome-cdn.supersonicads.com","1607082832276","SupersonicAds","Advertising"
"pm-gateway.supersonicads.com","1607082956275","SupersonicAds","Advertising"
"publisher-config.unityads.unity3d.com","1607082681249","Unity Technologies","Uncategorised"
"px.moatads.com","1607082680493","Moat","Advertising"
"tpat.api.vungle.com","1607082932822","Blackstone","Uncategorised"
"tpc.googlesyndication.com","1607082683750","Google","FingerprintingGeneral"
"track.tenjin.com","1607082763127","TRACKER_HOSTLIST","Uncategorised"
"tracking.prd.mz.internal.unity3d.com","1607082957040","Unity Technologies","Uncategorised"
"view.adjust.com","1607082997527","Adjust","FingerprintingGeneral"
"vungle2-cdn-prod.s3.amazonaws.com","1607082682538","Amazon Web Services","Content"
"wins.simharif.com","1607082963016","",""
"wv.inner-active.mobi","1607082959185","Fyber","Uncategorised"
"www.redgifs.com","1607082778680","",""
"ade.googlesyndication.com","1607082677145","Google","FingerprintingGeneral"
"adservice.google.com","1607082956103","Google","FingerprintingGeneral"
