"daddr","time","Tracker Name","Tracker Category"
"ajax.googleapis.com","1606937856657","Google","Content"
"cdp.cloud.unity3d.com","1606938146813","Unity Technologies","Uncategorised"
"cognito-identity.us-east-2.amazonaws.com","1606937854431","Amazon Web Services","Content"
"config.uca.cloud.unity3d.com","1606937854236","Unity Technologies","Uncategorised"
"crashlyticsreports-pa.googleapis.com","1606937857337","Google","Content"
"csi.gstatic.com","1606937857024","Google","Content"
"ecommerce.iap.unity3d.com","1606937854243","Unity Technologies","Uncategorised"
"googleads.g.doubleclick.net","1606937857001","Google","FingerprintingGeneral"
"lambda.us-east-2.amazonaws.com","1606937855442","Amazon Web Services","Content"
"lh3.googleusercontent.com","1606937856994","Google","Content"
"tpc.googlesyndication.com","1606937856671","Google","FingerprintingGeneral"
"ajax.googleapis.com","1606937857447","Google","Content"
"csi.gstatic.com","1606937858726","Google","Content"
"googleads.g.doubleclick.net","1606937854583","Google","FingerprintingGeneral"
"lh3.googleusercontent.com","1606937857487","Google","Content"
