"daddr","time","Tracker Name","Tracker Category"
"a.applovin.com","1607081523266","Applovin","Advertising"
"aax-eu.amazon-adsystem.com","1607081177765","Amazon.com","Advertising"
"acm-cf.amanotes.net","1607081201237","",""
"ad.doubleclick.net","1607081405690","Google","FingerprintingGeneral"
"adc-ad-assets.adtilt.com","1607081181545","Opera Mediaworks","Uncategorised"
"adc3-launch.adcolony.com","1607081481098","Jirbo","Advertising"
"ade.googlesyndication.com","1607081524293","Google","FingerprintingGeneral"
"adexp.liftoff.io","1607081521786","Liftoff","Uncategorised"
"ads.api.vungle.com","1607081198102","Blackstone","Uncategorised"
"ads30.adcolony.com","1607081180739","Jirbo","Advertising"
"ajax.googleapis.com","1607081173555","Google","Content"
"api.facebook.com","1607081477356","Facebook","Social"
"api.gameanalytics.com","1607081522645","Mobvista","Uncategorised"
"app.adjust.com","1607081515672","Adjust","FingerprintingGeneral"
"app.appsflyer.com","1607081383331","AppsFlyer","Advertising"
"app.appsflyer.com","1607081181875","AppsFlyer","Advertising"
"assets.applovin.com","1607081204359","Applovin","Advertising"
"auction.unityads.unity3d.com","1607081518338","Unity Technologies","Uncategorised"
"auiopt.unityads.unity3d.com","1607081460245","Unity Technologies","Uncategorised"
"b-api.facebook.com","1607081478686","Facebook","Social"
"bid.g.doubleclick.net","1607081296115","Google","FingerprintingGeneral"
"blank","1607081258664","",""
"bmedia.justservingfiles.net","1607081440701","TRACKER_HOSTLIST","Uncategorised"
"caps-server.anzu.io","1607081501160","",""
"cdn-f.adsmoloco.com","1607081203029","TRACKER_HOSTLIST","Uncategorised"
"cdn.branch.io","1607081279970","Branch","Analytics"
"cdn.flashtalking.com","1607081524259","Flashtalking","Advertising"
"cdn.liftoff.io","1607081383486","Liftoff","Uncategorised"
"cdn.liftoff.io","1607081382203","Liftoff","Uncategorised"
"cdn2.inner-active.mobi","1607081177316","Fyber","Uncategorised"
"cdp.cloud.unity3d.com","1607081173443","Unity Technologies","Uncategorised"
"code.jquery.com","1607081179691","",""
"config.inmobi.com","1607081193685","InMobi","Advertising"
"config.uca.cloud.unity3d.com","1607081172217","Unity Technologies","Uncategorised"
"config.unityads.unity3d.com","1607081177527","Unity Technologies","Uncategorised"
"connect.tapjoy.com","1607081177430","Tapjoy","Uncategorised"
"consent-form.ogury.co","1607081465468","",""
"content.tapjoy.com","1607081179038","Tapjoy","Uncategorised"
"crashlyticsreports-pa.googleapis.com","1607081245654","Google","Content"
"csi.gstatic.com","1607081247288","Google","Content"
"d.agkn.com","1607081407973","AK","Advertising"
"d9.flashtalking.com","1607081434132","Flashtalking","Advertising"
"dpm.demdex.net","1607081434072","Adobe","FingerprintingGeneral"
"dt.adsafeprotected.com","1607081467467","Integral Ad Science","Advertising"
"edge.safedk.com","1607081461662","TRACKER_HOSTLIST","Uncategorised"
"event.inner-active.mobi","1607081522285","Fyber","Uncategorised"
"events3.adcolony.com","1607081181526","Jirbo","Advertising"
"firebase-settings.crashlytics.com","1607081171488","Google","Analytics"
"firebaseinstallations.googleapis.com","1607081171373","Google","Content"
"firebaseremoteconfig.googleapis.com","1607081245441","Google","Content"
"fw.adsafeprotected.com","1607081524152","Integral Ad Science","Advertising"
"googleads.g.doubleclick.net","1607081467255","Google","FingerprintingGeneral"
"httpkafka.unityads.unity3d.com","1607081187884","Unity Technologies","Uncategorised"
"imp.control.kochava.com","1607081202453","Kochava","Uncategorised"
"impression-east.liftoff.io","1607081522026","Liftoff","Uncategorised"
"init.supersonicads.com","1607081177404","SupersonicAds","Advertising"
"is-gateway.supersonicads.com","1607081201769","SupersonicAds","Advertising"
"l1-1.anzu.io","1607081381136","",""
"lh5.googleusercontent.com","1607081247293","Google","Content"
"live.chartboost.com","1607081379323","Chartboost","Advertising"
"logic.anzu.io","1607081177590","",""
"logs.supersonic.com","1607081196165","ironSource","Uncategorised"
"mads.amazon-adsystem.com","1607081177270","Amazon.com","Advertising"
"match.adsrvr.org","1607081391387","The Trade Desk","FingerprintingGeneral"
"mobile.adsafeprotected.com","1607081467368","Integral Ad Science","Advertising"
"mqtt.anzu.io","1607081178365","",""
"mydmp.exelator.com","1607081405961","eXelate","Advertising"
"networksdk.ssacdn.com","1607081179706","ironSource","Uncategorised"
"outcome-cdn.supersonicads.com","1607081178352","SupersonicAds","Advertising"
"outcome-ssp.supersonicads.com","1607081382162","SupersonicAds","Advertising"
"pixel.adsafeprotected.com","1607081200941","Integral Ad Science","Advertising"
"placements.tapjoy.com","1607081178386","Tapjoy","Uncategorised"
"publisher-config.unityads.unity3d.com","1607081180942","Unity Technologies","Uncategorised"
"publisher-event.unityads.unity3d.com","1607081437922","Unity Technologies","Uncategorised"
"px.moatads.com","1607081178052","Moat","Advertising"
"rpc.tapjoy.com","1607081178346","Tapjoy","Uncategorised"
"s0.2mdn.net","1607081201079","Google","FingerprintingGeneral"
"sdk-events.inner-active.mobi","1607081521954","Fyber","Uncategorised"
"tags.bluekai.com","1607081201106","BlueKai","FingerprintingGeneral"
"telemetry.sdk.inmobi.com","1607081507439","InMobi","Advertising"
"tpc.googlesyndication.com","1607081201010","Google","FingerprintingGeneral"
"track.tenjin.com","1607081334717","TRACKER_HOSTLIST","Uncategorised"
"tracking.prd.mz.internal.unity3d.com","1607081445328","Unity Technologies","Uncategorised"
"vungle2-cdn-prod.s3.amazonaws.com","1607081181867","Amazon Web Services","Content"
"wv.inner-active.mobi","1607081522372","Fyber","Uncategorised"
"ade.googlesyndication.com","1607081276128","Google","FingerprintingGeneral"
"bid.g.doubleclick.net","1607081390563","Google","FingerprintingGeneral"
"googleads.g.doubleclick.net","1607081410349","Google","FingerprintingGeneral"
"lh5.googleusercontent.com","1607081479264","Google","Content"
"pool.ntp.org","1607081177318","",""
"s0.2mdn.net","1607081390956","Google","FingerprintingGeneral"
"tpc.googlesyndication.com","1607081245193","Google","FingerprintingGeneral"
